ts_code,name,price
000001.SZ,平安银行,14.145
000002.SZ,万科A,25.884999999999998
000004.SZ,国农科技,20.09
000005.SZ,世纪星源,3.135
000006.SZ,深振业A,5.359999999999999
000007.SZ,全新好,8.3
000008.SZ,神州高铁,3.4699999999999998
000009.SZ,中国宝安,4.699999999999999
000010.SZ,*ST美丽,3.4000000000000004
000011.SZ,深物业A,10.350000000000001
000012.SZ,南玻A,4.1899999999999995
000014.SZ,沙河股份,9.98
000016.SZ,深康佳A,4.5
000017.SZ,深中华A,5.9399999999999995
000018.SZ,*ST神城,1.08
000019.SZ,深粮控股,6.609999999999999
000020.SZ,深华发A,11.245
000021.SZ,深科技,11.445
000023.SZ,深天地A,13.915
000025.SZ,特力A,21.619999999999997
000026.SZ,飞亚达A,7.865
000027.SZ,深圳能源,5.915
000029.SZ,深深房A,0.0
000030.SZ,富奥股份,4.555
000031.SZ,大悦城,6.375
000032.SZ,深桑达A,10.54
000034.SZ,神州数码,14.205
000035.SZ,中国天楹,5.785
000036.SZ,华联控股,4.525
000037.SZ,深南电A,14.285
000038.SZ,深大通,15.365
000039.SZ,中集集团,9.895
000040.SZ,东旭蓝天,5.0649999999999995
000042.SZ,中洲控股,9.515
000043.SZ,中航善达,15.48
000045.SZ,深纺织A,7.7
000046.SZ,泛海控股,4.42
000048.SZ,康达尔,24.025
000050.SZ,深天马A,13.825
000055.SZ,方大集团,5.055
000056.SZ,皇庭国际,5.6899999999999995
000058.SZ,深赛格,10.465
000059.SZ,华锦股份,5.725
000060.SZ,中金岭南,4.119999999999999
000061.SZ,农产品,5.42
000062.SZ,深圳华强,13.87
000063.SZ,中兴通讯,28.994999999999997
000065.SZ,北方国际,8.66
000066.SZ,中国长城,10.775
000068.SZ,华控赛格,5.1899999999999995
000069.SZ,华侨城A,6.805
000070.SZ,特发信息,12.395
000078.SZ,海王生物,3.4699999999999998
000088.SZ,盐田港,6.085
000089.SZ,深圳机场,10.55
000090.SZ,天健集团,5.605
000096.SZ,广聚能源,9.780000000000001
000099.SZ,中信海直,8.004999999999999
000100.SZ,TCL集团,3.2350000000000003
000150.SZ,宜华健康,5.045
000151.SZ,中成股份,10.145
000153.SZ,丰原药业,6.220000000000001
000155.SZ,川能动力,3.96
000156.SZ,华数传媒,9.83
000157.SZ,中联重科,5.33
000158.SZ,常山北明,5.26
000159.SZ,国际实业,6.61
000166.SZ,申万宏源,4.8149999999999995
000301.SZ,东方盛虹,5.075
000338.SZ,潍柴动力,11.43
000400.SZ,许继电气,8.515
000401.SZ,冀东水泥,15.364999999999998
000402.SZ,金融街,7.365
000404.SZ,长虹华意,3.9850000000000003
000407.SZ,胜利股份,3.5
000408.SZ,藏格控股,8.635000000000002
000409.SZ,ST地矿,5.25
000410.SZ,*ST沈机,5.35
000411.SZ,英特集团,13.114999999999998
000413.SZ,东旭光电,4.605
000415.SZ,渤海租赁,3.535
000416.SZ,民生控股,5.609999999999999
000417.SZ,合肥百货,4.53
000419.SZ,通程控股,4.245
000420.SZ,吉林化纤,2.355
000421.SZ,南京公用,4.42
000422.SZ,ST宜化,2.77
000425.SZ,徐工机械,4.3100000000000005
000426.SZ,兴业矿业,5.48
000428.SZ,华天酒店,2.665
000429.SZ,粤高速A,7.54
000430.SZ,张家界,5.324999999999999
000488.SZ,晨鸣纸业,4.635
000498.SZ,山东路桥,4.705
000501.SZ,鄂武商A,10.129999999999999
000502.SZ,绿景控股,7.105
000503.SZ,国新健康,15.81
000504.SZ,*ST生物,9.18
000505.SZ,京粮控股,5.895
000506.SZ,中润资源,3.4400000000000004
000507.SZ,珠海港,5.615
000509.SZ,华塑控股,2.5549999999999997
000510.SZ,新金路,4.09
000513.SZ,丽珠集团,28.715
000514.SZ,渝开发,4.0600000000000005
000516.SZ,国际医学,4.95
000517.SZ,荣安地产,2.645
000518.SZ,四环生物,3.3200000000000003
000519.SZ,中兵红箭,9.75
000520.SZ,长航凤凰,4.195
000521.SZ,长虹美菱,3.3449999999999998
000523.SZ,广州浪奇,5.195
000524.SZ,岭南控股,7.67
000525.SZ,红太阳,11.46
000526.SZ,紫光学大,25.55
000528.SZ,柳工,6.22
000529.SZ,广弘控股,6.635
000530.SZ,大冷股份,4.205
000531.SZ,穗恒运A,6.9
000532.SZ,华金资本,9.755
000533.SZ,顺钠股份,2.705
000534.SZ,万泽股份,9.094999999999999
000536.SZ,华映科技,2.9050000000000002
000537.SZ,广宇发展,6.33
000539.SZ,粤电力A,3.92
000540.SZ,中天金融,3.4450000000000003
000541.SZ,佛山照明,5.15
000543.SZ,皖能电力,4.675
000544.SZ,中原环保,6.465
000545.SZ,金浦钛业,3.1950000000000003
000546.SZ,金圆股份,9.34
000547.SZ,航天发展,10.415
000548.SZ,湖南投资,4.125
000550.SZ,江铃汽车,14.64
000551.SZ,创元科技,6.42
000552.SZ,靖远煤电,2.52
000553.SZ,安道麦A,9.365
000554.SZ,泰山石油,5.14
000555.SZ,神州信息,10.629999999999999
000557.SZ,西部创业,3.33
000558.SZ,莱茵体育,3.675
000559.SZ,万向钱潮,5.415
000560.SZ,我爱我家,4.49
000561.SZ,烽火电子,7.27
000563.SZ,陕国投A,4.115
000564.SZ,供销大集,2.335
000565.SZ,渝三峡A,5.109999999999999
000566.SZ,海南海药,5.915
000567.SZ,海德股份,8.485
000570.SZ,苏常柴A,4.495
000571.SZ,*ST大洲,2.2199999999999998
000572.SZ,*ST海马,1.725
000573.SZ,粤宏远A,3.025
000576.SZ,广东甘化,8.335
000581.SZ,威孚高科,17.0
000582.SZ,北部湾港,9.04
000584.SZ,哈工智能,6.1
000585.SZ,ST东电,1.935
000586.SZ,汇源通信,11.82
000587.SZ,金洲慈航,2.415
000589.SZ,贵州轮胎,4.1850000000000005
000590.SZ,启迪古汉,11.575
000591.SZ,太阳能,3.15
000592.SZ,平潭发展,2.87
000593.SZ,大通燃气,6.234999999999999
000595.SZ,宝塔实业,3.81
000597.SZ,东北制药,12.309999999999999
000598.SZ,兴蓉环境,4.66
000599.SZ,青岛双星,4.21
000600.SZ,建投能源,5.65
000601.SZ,韶能股份,5.9
000603.SZ,盛达资源,16.384999999999998
000605.SZ,渤海股份,7.25
000606.SZ,顺利办,5.79
000607.SZ,华媒控股,4.484999999999999
000608.SZ,阳光股份,5.890000000000001
000609.SZ,中迪投资,4.74
000610.SZ,西安旅游,9.655000000000001
000611.SZ,*ST天首,3.11
000612.SZ,焦作万方,4.655
000613.SZ,大东海A,5.055
000615.SZ,京汉股份,4.8100000000000005
000616.SZ,海航投资,2.5949999999999998
000617.SZ,中油资本,12.329999999999998
000619.SZ,海螺型材,5.5649999999999995
000620.SZ,新华联,4.6850000000000005
000622.SZ,恒立实业,4.875
000623.SZ,吉林敖东,15.91
000625.SZ,长安汽车,8.085
000626.SZ,远大控股,7.325
000627.SZ,天茂集团,7.039999999999999
000628.SZ,高新发展,9.645
000629.SZ,攀钢钒钛,3.045
000630.SZ,铜陵有色,2.245
000631.SZ,顺发恒业,2.87
000632.SZ,三木集团,6.665
000633.SZ,合金投资,4.335
000635.SZ,英力特,7.6850000000000005
000636.SZ,风华高科,12.805
000637.SZ,茂化实华,4.425000000000001
000638.SZ,万方发展,4.985
000639.SZ,西王食品,5.145
000650.SZ,仁和药业,7.34
000652.SZ,泰达股份,3.58
000655.SZ,金岭矿业,5.09
000656.SZ,金科股份,6.779999999999999
000657.SZ,中钨高新,6.625
000659.SZ,珠海中富,2.825
000662.SZ,天夏智慧,4.115
000663.SZ,永安林业,5.775
000665.SZ,湖北广电,5.335
000666.SZ,经纬纺机,12.065000000000001
000667.SZ,美好置业,2.7649999999999997
000668.SZ,荣丰控股,14.85
000669.SZ,金鸿控股,3.935
000670.SZ,*ST盈方,1.8599999999999999
000671.SZ,阳光城,5.75
000672.SZ,上峰水泥,12.2
000673.SZ,当代东方,2.935
000676.SZ,智度股份,6.01
000677.SZ,恒天海龙,3.105
000678.SZ,襄阳轴承,6.9350000000000005
000679.SZ,大连友谊,3.7
000680.SZ,山推股份,3.58
000681.SZ,视觉中国,24.04
000682.SZ,东方电子,4.494999999999999
000683.SZ,远兴能源,2.375
000685.SZ,中山公用,7.9
000686.SZ,东北证券,8.165
000687.SZ,华讯方舟,7.835
000688.SZ,国城矿业,10.42
000690.SZ,宝新能源,5.765000000000001
000691.SZ,亚太实业,3.835
000692.SZ,惠天热电,2.96
000695.SZ,滨海能源,8.45
000697.SZ,炼石航空,12.985
000698.SZ,沈阳化工,3.94
000700.SZ,模塑科技,3.415
000701.SZ,厦门信达,5.71
000702.SZ,正虹科技,6.225
000703.SZ,恒逸石化,11.260000000000002
000705.SZ,浙江震元,6.68
000707.SZ,ST双环,2.645
000708.SZ,中信特钢,14.375
000709.SZ,河钢股份,2.5700000000000003
000711.SZ,京蓝科技,4.795
000712.SZ,锦龙股份,11.829999999999998
000713.SZ,丰乐种业,10.56
000715.SZ,中兴商业,10.615
000716.SZ,黑芝麻,3.5700000000000003
000717.SZ,韶钢松山,3.7800000000000002
000718.SZ,苏宁环球,3.775
000719.SZ,中原传媒,7.140000000000001
000720.SZ,新能泰山,4.725
000721.SZ,西安饮食,4.0649999999999995
000722.SZ,湖南发展,6.74
000723.SZ,美锦能源,9.515
000725.SZ,京东方A,3.6900000000000004
000726.SZ,鲁泰A,9.195
000727.SZ,华东科技,2.14
000728.SZ,国元证券,8.504999999999999
000729.SZ,燕京啤酒,6.324999999999999
000731.SZ,四川美丰,5.3149999999999995
000732.SZ,泰禾集团,6.165
000733.SZ,振华科技,16.875
000735.SZ,罗牛山,9.735
000736.SZ,中交地产,6.359999999999999
000737.SZ,ST南风,2.9850000000000003
000738.SZ,航发控制,14.780000000000001
000739.SZ,普洛药业,10.885000000000002
000750.SZ,国海证券,4.99
000751.SZ,锌业股份,3.13
000752.SZ,*ST西发,3.9699999999999998
000753.SZ,漳州发展,2.94
000755.SZ,山西路桥,4.21
000756.SZ,新华制药,7.165
000757.SZ,浩物股份,4.574999999999999
000758.SZ,中色股份,4.640000000000001
000759.SZ,中百集团,7.42
000760.SZ,*ST斯太,1.47
000761.SZ,本钢板材,3.985
000762.SZ,西藏矿业,7.195
000766.SZ,通化金马,7.775
000767.SZ,漳泽电力,2.575
000768.SZ,中航飞机,15.969999999999999
000776.SZ,广发证券,13.295
000777.SZ,中核科技,12.905
000778.SZ,新兴铸管,3.95
000779.SZ,甘咨询,12.085
000780.SZ,平庄能源,3.085
000782.SZ,美达股份,3.74
000783.SZ,长江证券,6.970000000000001
000785.SZ,武汉中商,10.11
000786.SZ,北新建材,18.335
000788.SZ,北大医药,6.6899999999999995
000789.SZ,万年青,9.06
000790.SZ,泰合健康,4.395
000791.SZ,甘肃电投,3.745
000792.SZ,*ST盐湖,6.9350000000000005
000793.SZ,华闻集团,3.18
000795.SZ,英洛华,6.775
000796.SZ,凯撒旅游,6.57
000797.SZ,中国武夷,3.35
000798.SZ,中水渔业,5.859999999999999
000799.SZ,酒鬼酒,28.96
000800.SZ,一汽轿车,9.19
000801.SZ,四川九洲,5.6
000802.SZ,北京文化,8.535
000803.SZ,金宇车城,14.39
000806.SZ,ST银河,2.165
000807.SZ,云铝股份,4.975
000809.SZ,铁岭新城,2.3449999999999998
000810.SZ,创维数字,8.435
000811.SZ,冰轮环境,7.109999999999999
000812.SZ,陕西金叶,3.41
000813.SZ,德展健康,7.5649999999999995
000815.SZ,美利云,7.914999999999999
000816.SZ,ST慧业,1.5350000000000001
000818.SZ,航锦科技,8.455
000819.SZ,岳阳兴长,8.36
000820.SZ,*ST节能,1.74
000821.SZ,京山轻机,7.04
000822.SZ,山东海化,4.65
000823.SZ,超声电子,11.059999999999999
000825.SZ,太钢不锈,3.7649999999999997
000826.SZ,启迪环境,9.41
000828.SZ,东莞控股,8.27
000829.SZ,天音控股,5.32
000830.SZ,鲁西化工,9.67
000831.SZ,五矿稀土,14.465
000833.SZ,粤桂股份,5.48
000835.SZ,长城动漫,4.07
000836.SZ,富通鑫茂,3.635
000837.SZ,秦川机床,4.2
000838.SZ,财信发展,3.17
000839.SZ,中信国安,3.75
000848.SZ,承德露露,7.54
000850.SZ,华茂股份,4.025
000851.SZ,高鸿股份,5.105
000852.SZ,石化机械,6.405
000856.SZ,冀东装备,10.79
000859.SZ,国风塑业,4.55
000861.SZ,海印股份,2.71
000862.SZ,银星能源,5.63
000863.SZ,三湘印象,4.8100000000000005
000868.SZ,*ST安凯,2.9050000000000002
000869.SZ,张裕A,28.689999999999998
000875.SZ,吉电股份,2.85
000876.SZ,新希望,19.44
000877.SZ,天山股份,10.59
000878.SZ,云南铜业,9.95
000880.SZ,潍柴重机,7.55
000881.SZ,中广核技,7.21
000882.SZ,华联股份,2.205
000883.SZ,湖北能源,4.04
000885.SZ,城发环境,9.885
000886.SZ,海南高速,3.53
000887.SZ,中鼎股份,9.120000000000001
000888.SZ,峨眉山A,5.99
000889.SZ,中嘉博创,9.04
000890.SZ,法尔胜,5.24
000892.SZ,欢瑞世纪,3.665
000893.SZ,东凌国际,6.96
000895.SZ,双汇发展,22.375
000897.SZ,*ST津滨,2.115
000898.SZ,鞍钢股份,3.13
000899.SZ,赣能股份,4.8
000900.SZ,现代投资,4.35
000901.SZ,航天科技,12.254999999999999
000902.SZ,新洋丰,11.125
000903.SZ,云内动力,2.6
000905.SZ,厦门港务,7.140000000000001
000906.SZ,浙商中拓,5.925000000000001
000908.SZ,景峰医药,4.28
000909.SZ,数源科技,7.695
000910.SZ,大亚圣象,10.865
000911.SZ,*ST南糖,6.0649999999999995
000912.SZ,泸天化,4.865
000913.SZ,钱江摩托,9.425
000915.SZ,山大华特,22.275
000917.SZ,电广传媒,6.285
000918.SZ,嘉凯城,6.255
000919.SZ,金陵药业,7.605
000920.SZ,南方汇通,6.7
000921.SZ,海信家电,11.915
000922.SZ,佳电股份,8.129999999999999
000923.SZ,河北宣工,14.96
000925.SZ,众合科技,6.33
000926.SZ,福星股份,6.42
000927.SZ,一汽夏利,3.915
000928.SZ,中钢国际,5.545
000929.SZ,兰州黄河,7.195
000930.SZ,中粮科技,6.79
000931.SZ,中关村,8.045
000932.SZ,华菱钢铁,4.029999999999999
000933.SZ,神火股份,4.26
000935.SZ,四川双马,13.905000000000001
000936.SZ,华西股份,6.955
000937.SZ,冀中能源,3.56
000948.SZ,南天信息,10.254999999999999
000949.SZ,新乡化纤,3.5549999999999997
000950.SZ,重药控股,6.38
000951.SZ,中国重汽,15.05
000952.SZ,广济药业,9.524999999999999
000953.SZ,*ST河化,4.205
000955.SZ,欣龙控股,4.055
000957.SZ,中通客车,6.835
000958.SZ,东方能源,5.46
000959.SZ,首钢股份,3.435
000960.SZ,锡业股份,10.14
000961.SZ,中南建设,7.375
000962.SZ,东方钽业,7.15
000963.SZ,华东医药,28.71
000965.SZ,天保基建,3.2750000000000004
000966.SZ,长源电力,5.34
000967.SZ,盈峰环境,6.755000000000001
000968.SZ,蓝焰控股,10.004999999999999
000969.SZ,安泰科技,7.115
000970.SZ,中科三环,9.96
000971.SZ,*ST高升,2.045
000972.SZ,ST中基,2.6100000000000003
000973.SZ,佛塑科技,3.895
000975.SZ,银泰黄金,16.83
000976.SZ,华铁股份,5.09
000977.SZ,浪潮信息,25.35
000978.SZ,桂林旅游,5.335
000980.SZ,众泰汽车,3.675
000981.SZ,ST银亿,1.55
000982.SZ,*ST中绒,1.61
000983.SZ,西山煤电,5.885
000985.SZ,大庆华科,13.95
000987.SZ,越秀金控,8.98
000988.SZ,华工科技,17.615000000000002
000989.SZ,九芝堂,8.535
000990.SZ,诚志股份,15.1
000993.SZ,闽东电力,7.619999999999999
000996.SZ,中国中期,12.32
000997.SZ,新大陆,17.305
000998.SZ,隆平高科,12.61
000999.SZ,华润三九,29.715
001696.SZ,宗申动力,5.645
001872.SZ,招商港口,17.85
001896.SZ,豫能控股,3.295
001965.SZ,招商公路,7.905
001979.SZ,招商蛇口,19.735
002001.SZ,新和成,23.655
002002.SZ,鸿达兴业,4.45
002003.SZ,伟星股份,6.215
002004.SZ,华邦健康,4.715
002005.SZ,*ST德豪,1.4249999999999998
002006.SZ,精功科技,4.59
002009.SZ,天奇股份,7.845
002010.SZ,传化智联,7.369999999999999
002011.SZ,盾安环境,4.945
002012.SZ,凯恩股份,4.895
002013.SZ,中航机电,6.82
002014.SZ,永新股份,6.87
002015.SZ,协鑫能科,5.455
002016.SZ,世荣兆业,7.75
002017.SZ,东信和平,13.315000000000001
002018.SZ,华信退,0.0
002019.SZ,亿帆医药,12.879999999999999
002020.SZ,京新药业,12.805
002021.SZ,*ST中捷,1.68
002022.SZ,科华生物,9.495000000000001
002023.SZ,海特高新,11.855
002024.SZ,苏宁易购,10.76
002025.SZ,航天电器,28.4
002026.SZ,山东威达,5.285
002027.SZ,分众传媒,5.415
002028.SZ,思源电气,10.34
002029.SZ,七匹狼,5.869999999999999
002030.SZ,达安基因,10.445
002031.SZ,巨轮智能,1.915
002033.SZ,丽江旅游,5.9
002034.SZ,旺能环境,15.15
002035.SZ,华帝股份,10.02
002036.SZ,联创电子,11.675
002037.SZ,久联发展,7.21
002038.SZ,双鹭药业,13.395
002039.SZ,黔源电力,14.67
002040.SZ,南京港,7.595000000000001
002041.SZ,登海种业,8.95
002042.SZ,华孚时尚,7.3
002043.SZ,兔宝宝,5.35
002044.SZ,美年健康,12.55
002045.SZ,国光电器,6.145
002046.SZ,轴研科技,7.48
002047.SZ,宝鹰股份,5.12
002048.SZ,宁波华翔,13.129999999999999
002050.SZ,三花智控,11.265
002051.SZ,中工国际,9.91
002052.SZ,同洲电子,4.74
002053.SZ,云南能投,7.045
002054.SZ,德美化工,7.995000000000001
002055.SZ,得润电子,10.445
002056.SZ,横店东磁,6.9
002057.SZ,中钢天源,10.565000000000001
002058.SZ,威尔泰,13.235
002059.SZ,云南旅游,5.555
002060.SZ,粤水电,2.94
002061.SZ,浙江交科,5.3
002062.SZ,宏润建设,3.46
002063.SZ,远光软件,9.115
002064.SZ,华峰氨纶,5.07
002065.SZ,东华软件,6.9
002066.SZ,瑞泰科技,7.845000000000001
002067.SZ,景兴纸业,3.1100000000000003
002068.SZ,黑猫股份,4.9399999999999995
002069.SZ,獐子岛,3.175
002071.SZ,长城影视,3.3
002072.SZ,*ST凯瑞,4.470000000000001
002073.SZ,软控股份,6.045
002074.SZ,国轩高科,12.495
002075.SZ,沙钢股份,7.835
002076.SZ,雪莱特,2.715
002077.SZ,大港股份,6.095000000000001
002078.SZ,太阳纸业,7.6899999999999995
002079.SZ,苏州固锝,6.845
002080.SZ,中材科技,10.39
002081.SZ,金螳螂,9.655000000000001
002082.SZ,万邦德,9.055
002083.SZ,孚日股份,5.824999999999999
002084.SZ,海鸥住工,4.98
002085.SZ,万丰奥威,6.99
002086.SZ,ST东海洋,3.5
002087.SZ,新野纺织,3.535
002088.SZ,鲁阳节能,11.114999999999998
002089.SZ,*ST新海,2.26
002090.SZ,金智科技,11.030000000000001
002091.SZ,江苏国泰,5.505000000000001
002092.SZ,中泰化学,7.01
002093.SZ,国脉科技,8.93
002094.SZ,青岛金王,4.77
002095.SZ,生意宝,20.915
002096.SZ,南岭民爆,5.895
002097.SZ,山河智能,5.835
002098.SZ,浔兴股份,5.025
002099.SZ,海翔药业,7.005
002100.SZ,天康生物,9.89
002101.SZ,广东鸿图,6.78
002102.SZ,ST冠福,2.285
002103.SZ,广博股份,4.16
002104.SZ,恒宝股份,6.53
002105.SZ,信隆健康,4.775
002106.SZ,莱宝高科,8.059999999999999
002107.SZ,沃华医药,8.475
002108.SZ,沧州明珠,3.49
002109.SZ,兴化股份,3.6500000000000004
002110.SZ,三钢闽光,7.975
002111.SZ,威海广泰,13.629999999999999
002112.SZ,三变科技,6.805
002113.SZ,ST天润,1.76
002114.SZ,罗平锌电,8.04
002115.SZ,三维通信,8.055
002116.SZ,中国海诚,8.09
002117.SZ,东港股份,10.105
002118.SZ,紫鑫药业,6.505
002119.SZ,康强电子,14.575
002121.SZ,科陆电子,4.835
002122.SZ,*ST天马,1.935
002123.SZ,梦网集团,16.240000000000002
002124.SZ,天邦股份,12.43
002125.SZ,湘潭电化,5.21
002126.SZ,银轮股份,7.145
002127.SZ,南极电商,10.120000000000001
002128.SZ,露天煤业,8.34
002129.SZ,中环股份,10.995
002130.SZ,沃尔核材,4.65
002131.SZ,利欧股份,1.745
002132.SZ,恒星科技,3.025
002133.SZ,广宇集团,3.185
002134.SZ,天津普林,7.6
002135.SZ,东南网架,5.359999999999999
002136.SZ,安纳达,8.29
002137.SZ,麦达数字,6.49
002138.SZ,顺络电子,21.94
002139.SZ,拓邦股份,5.9399999999999995
002140.SZ,东华科技,7.305
002141.SZ,贤丰控股,3.545
002142.SZ,宁波银行,22.58
002143.SZ,印纪退,0.85
002144.SZ,宏达高科,9.825
002145.SZ,中核钛白,3.8600000000000003
002146.SZ,荣盛发展,8.165
002147.SZ,ST新光,2.015
002148.SZ,北纬科技,5.335
002149.SZ,西部材料,8.18
002150.SZ,通润装备,5.295
002151.SZ,北斗星通,22.405
002152.SZ,广电运通,6.895
002154.SZ,报喜鸟,2.9699999999999998
002155.SZ,湖南黄金,10.115
002156.SZ,通富微电,9.07
002157.SZ,正邦科技,19.8
002158.SZ,汉钟精机,7.915
002159.SZ,三特索道,14.485
002160.SZ,常铝股份,3.145
002161.SZ,远望谷,7.1899999999999995
002162.SZ,悦心健康,3.25
002163.SZ,中航三鑫,4.9399999999999995
002164.SZ,宁波东力,3.925
002165.SZ,红宝丽,4.744999999999999
002166.SZ,莱茵生物,7.575
002167.SZ,东方锆业,6.75
002168.SZ,惠程科技,8.065
002169.SZ,智光电气,5.550000000000001
002170.SZ,芭田股份,3.3
002171.SZ,楚江新材,6.295
002172.SZ,澳洋健康,3.61
002173.SZ,创新医疗,6.1899999999999995
002174.SZ,游族网络,13.695
002175.SZ,*ST东网,1.76
002176.SZ,江特电机,4.140000000000001
002177.SZ,御银股份,5.8
002178.SZ,延华智能,3.54
002180.SZ,纳思达,24.380000000000003
002181.SZ,粤传媒,4.51
002182.SZ,云海金属,8.955
002183.SZ,怡亚通,4.5
002184.SZ,海得控制,10.27
002185.SZ,华天科技,5.4
002186.SZ,全聚德,10.565000000000001
002187.SZ,广百股份,8.145
002188.SZ,*ST巴士,3.0999999999999996
002189.SZ,中光学,20.055
002190.SZ,*ST集成,19.07
002191.SZ,劲嘉股份,10.96
002192.SZ,融捷股份,15.850000000000001
002193.SZ,如意集团,8.895
002194.SZ,武汉凡谷,18.67
002195.SZ,二三四五,3.33
002196.SZ,方正电机,5.5649999999999995
002197.SZ,证通电子,8.379999999999999
002198.SZ,嘉应制药,6.529999999999999
002199.SZ,东晶电子,13.43
002200.SZ,*ST云投,5.725
002201.SZ,九鼎新材,26.155
002202.SZ,金风科技,13.02
002203.SZ,海亮股份,10.43
002204.SZ,大连重工,3.495
002205.SZ,国统股份,20.28
002206.SZ,海利得,3.745
002207.SZ,ST准油,6.32
002208.SZ,合肥城建,6.66
002209.SZ,达意隆,6.465
002210.SZ,*ST飞马,1.205
002211.SZ,宏达新材,6.155
002212.SZ,南洋股份,16.6
002213.SZ,特尔佳,10.125
002214.SZ,大立科技,10.375
002215.SZ,诺普信,6.225
002216.SZ,三全食品,9.575
002217.SZ,合力泰,5.38
002218.SZ,拓日新能,3.14
002219.SZ,恒康医疗,3.0250000000000004
002220.SZ,ST天宝,1.3250000000000002
002221.SZ,东华能源,7.795
002222.SZ,福晶科技,10.684999999999999
002223.SZ,鱼跃医疗,21.805
002224.SZ,三力士,5.54
002225.SZ,濮耐股份,4.295
002226.SZ,江南化工,5.155
002227.SZ,奥特迅,11.19
002228.SZ,合兴包装,4.015
002229.SZ,鸿博股份,6.484999999999999
002231.SZ,奥维通信,6.92
002232.SZ,启明信息,8.84
002233.SZ,塔牌集团,9.85
002235.SZ,安妮股份,7.425
002236.SZ,大华股份,16.29
002237.SZ,恒邦股份,15.515
002238.SZ,天威视讯,8.355
002239.SZ,奥特佳,1.8399999999999999
002240.SZ,威华股份,7.800000000000001
002241.SZ,歌尔股份,13.555
002242.SZ,九阳股份,22.115000000000002
002243.SZ,通产丽星,13.754999999999999
002244.SZ,滨江集团,3.7199999999999998
002245.SZ,澳洋顺昌,3.685
002246.SZ,北化股份,8.71
002247.SZ,聚力文化,3.055
002248.SZ,华东数控,7.744999999999999
002249.SZ,大洋电机,4.005
002250.SZ,联化科技,12.760000000000002
002251.SZ,步步高,7.37
002252.SZ,上海莱士,8.41
002253.SZ,川大智胜,14.335
002254.SZ,泰和新材,10.899999999999999
002255.SZ,海陆重工,3.935
002256.SZ,兆新股份,3.025
002258.SZ,利尔化学,12.2
002259.SZ,*ST升达,2.045
002261.SZ,拓维信息,5.41
002262.SZ,恩华药业,12.67
002263.SZ,*ST东南,1.85
002264.SZ,新华都,4.95
002265.SZ,西仪股份,10.774999999999999
002266.SZ,浙富控股,4.91
002267.SZ,陕天然气,6.995
002268.SZ,卫士通,28.475
002269.SZ,美邦服饰,2.235
002270.SZ,华明装备,5.265000000000001
002271.SZ,东方雨虹,20.325
002272.SZ,川润股份,4.734999999999999
002273.SZ,水晶光电,12.035
002274.SZ,华昌化工,6.609999999999999
002275.SZ,桂林三金,13.605
002276.SZ,万马股份,5.46
002277.SZ,友阿股份,3.1950000000000003
002278.SZ,神开股份,6.01
002279.SZ,久其软件,6.470000000000001
002280.SZ,联络互动,3.4
002281.SZ,光迅科技,28.479999999999997
002282.SZ,博深股份,0.0
002283.SZ,天润曲轴,3.745
002284.SZ,亚太股份,4.765000000000001
002285.SZ,世联行,4.03
002286.SZ,保龄宝,5.92
002287.SZ,奇正藏药,20.955
002288.SZ,超华科技,4.67
002289.SZ,*ST宇顺,7.220000000000001
002290.SZ,*ST中科,4.78
002291.SZ,星期六,5.17
002292.SZ,奥飞娱乐,6.3100000000000005
002293.SZ,罗莱生活,9.23
002294.SZ,信立泰,22.064999999999998
002295.SZ,精艺股份,7.550000000000001
002296.SZ,辉煌科技,6.555
002297.SZ,博云新材,7.62
002298.SZ,中电兴发,7.105
002299.SZ,圣农发展,27.520000000000003
002300.SZ,太阳电缆,7.015000000000001
002301.SZ,齐心集团,11.219999999999999
002302.SZ,西部建设,10.545
002303.SZ,美盈森,4.68
002305.SZ,南国置业,2.25
002306.SZ,ST云网,2.71
002307.SZ,北新路桥,5.775
002308.SZ,威创股份,4.4
002309.SZ,中利集团,6.83
002310.SZ,东方园林,5.130000000000001
002312.SZ,三泰控股,4.164999999999999
002313.SZ,日海智能,17.725
002314.SZ,南山控股,3.21
002315.SZ,焦点科技,17.38
002316.SZ,亚联发展,8.254999999999999
002317.SZ,众生药业,11.120000000000001
002318.SZ,久立特材,7.35
002319.SZ,乐通股份,10.615
002320.SZ,海峡股份,8.08
002321.SZ,华英农业,6.265000000000001
002322.SZ,理工环科,12.649999999999999
002323.SZ,*ST百特,0.0
002324.SZ,普利特,10.489999999999998
002325.SZ,洪涛股份,3.1399999999999997
002326.SZ,永太科技,7.470000000000001
002327.SZ,富安娜,6.725
002328.SZ,新朋股份,3.7800000000000002
002329.SZ,皇氏集团,4.1850000000000005
002330.SZ,得利斯,6.955
002331.SZ,皖通科技,10.77
002332.SZ,仙琚制药,7.585
002333.SZ,*ST罗普,4.0600000000000005
002334.SZ,英威腾,4.845
002335.SZ,科华恒盛,18.195
002336.SZ,*ST人乐,5.404999999999999
002337.SZ,赛象科技,3.995
002338.SZ,奥普光电,13.114999999999998
002339.SZ,积成电子,6.025
002340.SZ,格林美,4.415
002341.SZ,新纶科技,5.225
002342.SZ,巨力索具,3.335
002343.SZ,慈文传媒,7.2
002344.SZ,海宁皮城,4.345000000000001
002345.SZ,潮宏基,4.555
002346.SZ,柘中股份,11.965
002347.SZ,泰尔股份,4.625
002348.SZ,高乐股份,3.0549999999999997
002349.SZ,精华制药,5.635
002350.SZ,北京科锐,5.605
002351.SZ,漫步者,6.115
002353.SZ,杰瑞股份,25.525
002354.SZ,天神娱乐,3.015
002355.SZ,兴民智通,6.52
002356.SZ,*ST赫美,2.2249999999999996
002357.SZ,富临运业,5.92
002358.SZ,森源电气,8.07
002359.SZ,*ST北讯,2.11
002360.SZ,同德化工,5.220000000000001
002361.SZ,神剑股份,4.4350000000000005
002362.SZ,汉王科技,15.475
002363.SZ,隆基机械,5.265
002364.SZ,中恒电气,11.145
002365.SZ,永安药业,8.64
002366.SZ,台海核电,9.325
002367.SZ,康力电梯,7.91
002369.SZ,卓翼科技,8.065
002370.SZ,亚太药业,10.07
002372.SZ,伟星新材,14.600000000000001
002373.SZ,千方科技,16.494999999999997
002374.SZ,丽鹏股份,2.9050000000000002
002375.SZ,亚厦股份,5.405
002376.SZ,新北洋,11.985
002377.SZ,国创高新,3.925
002378.SZ,章源钨业,6.025
002379.SZ,宏创控股,4.02
002380.SZ,科远智慧,14.91
002381.SZ,双箭股份,7.824999999999999
002382.SZ,蓝帆医疗,13.52
002383.SZ,合众思壮,10.095
002384.SZ,东山精密,19.875
002385.SZ,大北农,5.61
002386.SZ,天原集团,5.725
002387.SZ,维信诺,15.29
002388.SZ,新亚制程,7.87
002389.SZ,航天彩虹,11.350000000000001
002390.SZ,信邦制药,5.43
002391.SZ,长青股份,8.26
002392.SZ,北京利尔,3.59
002393.SZ,力生制药,24.615000000000002
002394.SZ,联发股份,9.635
002395.SZ,双象股份,22.520000000000003
002396.SZ,星网锐捷,25.32
002397.SZ,梦洁股份,5.23
002398.SZ,垒知集团,5.5649999999999995
002399.SZ,海普瑞,21.064999999999998
002400.SZ,省广集团,3.035
002401.SZ,中远海科,11.62
002402.SZ,和而泰,14.26
002403.SZ,爱仕达,8.15
002404.SZ,嘉欣丝绸,5.385
002405.SZ,四维图新,15.825
002406.SZ,远东传动,5.74
002407.SZ,多氟多,13.350000000000001
002408.SZ,齐翔腾达,6.66
002409.SZ,雅克科技,17.805
002411.SZ,延安必康,16.635
002412.SZ,汉森制药,10.155
002413.SZ,雷科防务,5.865
002414.SZ,高德红外,20.165
002416.SZ,爱施德,5.4399999999999995
002417.SZ,深南股份,7.16
002418.SZ,康盛股份,3.15
002419.SZ,天虹股份,11.54
002420.SZ,*ST毅昌,3.25
002421.SZ,达实智能,3.77
002422.SZ,科伦药业,27.58
002423.SZ,中粮资本,8.89
002424.SZ,贵州百灵,8.98
002425.SZ,凯撒文化,6.125
002426.SZ,胜利精密,2.645
002427.SZ,*ST尤夫,11.989999999999998
002428.SZ,云南锗业,7.995000000000001
002429.SZ,兆驰股份,2.91
002430.SZ,杭氧股份,13.89
002431.SZ,棕榈股份,3.2199999999999998
002432.SZ,九安医疗,5.24
002433.SZ,太安堂,4.59
002434.SZ,万里扬,6.47
002435.SZ,长江健康,4.205
002436.SZ,兴森科技,7.44
002437.SZ,誉衡药业,3.59
002438.SZ,江苏神通,7.455
002440.SZ,闰土股份,10.86
002441.SZ,众业达,7.475
002442.SZ,龙星化工,5.14
002443.SZ,金洲管道,6.785
002444.SZ,巨星科技,10.719999999999999
002445.SZ,ST中南,1.36
002446.SZ,盛路通信,9.275
002447.SZ,晨鑫科技,3.29
002448.SZ,中原内配,5.234999999999999
002449.SZ,国星光电,10.725000000000001
002450.SZ,*ST康得,0.0
002451.SZ,摩恩电气,9.055
002452.SZ,长高集团,3.96
002453.SZ,华软科技,6.255
002454.SZ,松芝股份,4.78
002455.SZ,百川股份,6.75
002456.SZ,欧菲光,9.17
002457.SZ,青龙管业,8.02
002458.SZ,益生股份,25.450000000000003
002459.SZ,天业通联,11.780000000000001
002460.SZ,赣锋锂业,20.925
002461.SZ,珠江啤酒,6.234999999999999
002462.SZ,嘉事堂,16.325000000000003
002463.SZ,沪电股份,21.505000000000003
002464.SZ,众应互联,6.734999999999999
002465.SZ,海格通信,9.945
002466.SZ,天齐锂业,23.045
002467.SZ,二六三,5.359999999999999
002468.SZ,申通快递,23.11
002469.SZ,三维工程,3.98
002470.SZ,金正大,3.2350000000000003
002471.SZ,中超控股,2.7
002472.SZ,双环传动,5.1899999999999995
002473.SZ,圣莱达,8.155000000000001
002474.SZ,榕基软件,7.779999999999999
002475.SZ,立讯精密,24.695
002476.SZ,宝莫股份,5.4350000000000005
002478.SZ,常宝股份,5.869999999999999
002479.SZ,富春环保,6.475
002480.SZ,新筑股份,4.045
002481.SZ,双塔食品,8.475
002482.SZ,广田集团,4.92
002483.SZ,润邦股份,4.285
002484.SZ,江海股份,6.865
002485.SZ,希努尔,6.74
002486.SZ,嘉麟杰,3.92
002487.SZ,大金重工,4.16
002488.SZ,金固股份,7.415
002489.SZ,浙江永强,3.3499999999999996
002490.SZ,山东墨龙,4.13
002491.SZ,通鼎互联,6.73
002492.SZ,恒基达鑫,4.575
002493.SZ,荣盛石化,10.84
002494.SZ,华斯股份,4.995
002495.SZ,佳隆股份,2.95
002496.SZ,辉丰股份,2.7800000000000002
002497.SZ,雅化集团,6.23
002498.SZ,汉缆股份,2.835
002499.SZ,*ST科林,3.83
002500.SZ,山西证券,7.625
002501.SZ,*ST利源,1.0950000000000002
002502.SZ,鼎龙文化,3.14
002503.SZ,搜于特,2.34
002504.SZ,弘高创意,3.1100000000000003
002505.SZ,大康农业,2.01
002506.SZ,协鑫集成,6.154999999999999
002507.SZ,涪陵榨菜,22.25
002508.SZ,老板电器,25.18
002509.SZ,天广中茂,1.7349999999999999
002510.SZ,天汽模,3.79
002511.SZ,中顺洁柔,13.844999999999999
002512.SZ,达华智能,4.55
002513.SZ,蓝丰生化,5.305
002514.SZ,宝馨科技,5.970000000000001
002515.SZ,金字火腿,5.04
002516.SZ,旷达科技,2.83
002517.SZ,恺英网络,2.915
002518.SZ,科士达,7.82
002519.SZ,银河电子,4.125
002520.SZ,日发精机,6.975
002521.SZ,齐峰新材,5.315
002522.SZ,浙江众成,5.27
002523.SZ,天桥起重,3.11
002524.SZ,光正集团,6.220000000000001
002526.SZ,山东矿机,2.2249999999999996
002527.SZ,新时达,5.04
002528.SZ,英飞拓,4.095000000000001
002529.SZ,海源复材,6.3100000000000005
002530.SZ,金财互联,8.9
002531.SZ,天顺风能,6.585000000000001
002532.SZ,新界泵业,6.16
002533.SZ,金杯电工,4.845000000000001
002534.SZ,杭锅股份,6.405
002535.SZ,林州重机,3.365
002536.SZ,飞龙股份,5.46
002537.SZ,海联金汇,6.75
002538.SZ,司尔特,5.04
002539.SZ,云图控股,4.529999999999999
002540.SZ,亚太科技,4.215
002541.SZ,鸿路钢构,7.295
002542.SZ,中化岩土,3.9299999999999997
002543.SZ,万和电气,9.34
002544.SZ,杰赛科技,12.735
002545.SZ,东方铁塔,6.0649999999999995
002546.SZ,新联电子,4.11
002547.SZ,春兴精工,9.71
002548.SZ,金新农,11.805
002549.SZ,凯美特气,5.615
002550.SZ,千红制药,4.890000000000001
002551.SZ,尚荣医疗,4.95
002552.SZ,宝鼎科技,8.175
002553.SZ,南方轴承,5.49
002554.SZ,惠博普,3.1799999999999997
002555.SZ,三七互娱,15.684999999999999
002556.SZ,辉隆股份,0.0
002557.SZ,洽洽食品,25.02
002558.SZ,巨人网络,17.435000000000002
002559.SZ,亚威股份,5.37
002560.SZ,通达股份,6.37
002561.SZ,徐家汇,8.145
002562.SZ,兄弟科技,5.105
002563.SZ,森马服饰,11.94
002564.SZ,天沃科技,5.055
002565.SZ,顺灏股份,7.475
002566.SZ,益盛药业,6.48
002567.SZ,唐人神,12.04
002568.SZ,百润股份,19.159999999999997
002569.SZ,*ST步森,8.29
002570.SZ,贝因美,5.24
002571.SZ,德力股份,5.135
002572.SZ,索菲亚,18.095
002573.SZ,清新环境,6.865
002574.SZ,明牌珠宝,5.76
002575.SZ,群兴玩具,6.155
002576.SZ,通达动力,10.375
002577.SZ,雷柏科技,9.835
002578.SZ,闽发铝业,3.255
002579.SZ,中京电子,11.365
002580.SZ,圣阳股份,5.355
002581.SZ,未名医药,6.695
002582.SZ,好想你,8.6
002583.SZ,海能达,9.22
002584.SZ,西陇科学,4.79
002585.SZ,双星新材,4.6850000000000005
002586.SZ,ST围海,3.63
002587.SZ,奥拓电子,6.53
002588.SZ,史丹利,4.1
002589.SZ,瑞康医药,7.52
002590.SZ,万安科技,6.975
002591.SZ,恒大高新,8.195
002592.SZ,八菱科技,13.495000000000001
002593.SZ,日上集团,3.635
002595.SZ,豪迈科技,19.355
002596.SZ,海南瑞泽,6.35
002597.SZ,金禾实业,19.46
002598.SZ,山东章鼓,6.49
002599.SZ,盛通股份,4.465
002600.SZ,领益智造,8.23
002601.SZ,龙蟒佰利,12.85
002602.SZ,世纪华通,8.895
002603.SZ,以岭药业,10.815
002605.SZ,姚记科技,12.335
002606.SZ,大连电瓷,5.49
002607.SZ,中公教育,15.25
002608.SZ,江苏国信,7.51
002609.SZ,捷顺科技,9.455
002610.SZ,爱康科技,1.64
002611.SZ,东方精工,4.15
002612.SZ,朗姿股份,8.15
002613.SZ,北玻股份,2.71
002614.SZ,奥佳华,11.66
002615.SZ,哈尔斯,5.645
002616.SZ,长青集团,6.890000000000001
002617.SZ,露笑科技,6.23
002618.SZ,丹邦科技,12.934999999999999
002619.SZ,艾格拉斯,2.9050000000000002
002620.SZ,瑞和股份,6.005
002621.SZ,美吉姆,12.405000000000001
002622.SZ,融钰集团,2.8449999999999998
002623.SZ,亚玛顿,13.774999999999999
002624.SZ,完美世界,27.205
002625.SZ,光启技术,9.165
002626.SZ,金达威,14.844999999999999
002627.SZ,宜昌交运,6.9399999999999995
002628.SZ,成都路桥,4.585
002629.SZ,*ST仁智,1.955
002630.SZ,华西能源,2.625
002631.SZ,德尔未来,7.55
002632.SZ,道明光学,5.93
002633.SZ,申科股份,8.265
002634.SZ,棒杰股份,7.029999999999999
002635.SZ,安洁科技,12.92
002636.SZ,金安国纪,8.469999999999999
002637.SZ,赞宇科技,7.115
002638.SZ,勤上股份,2.9749999999999996
002639.SZ,雪人股份,9.01
002640.SZ,跨境通,7.484999999999999
002641.SZ,永高股份,4.42
002642.SZ,*ST荣联,5.295
002643.SZ,万润股份,11.645
002644.SZ,佛慈制药,6.800000000000001
002645.SZ,华宏科技,9.145
002646.SZ,青青稞酒,11.96
002647.SZ,仁东控股,16.84
002648.SZ,卫星石化,12.835
002649.SZ,博彦科技,8.85
002650.SZ,加加食品,3.545
002651.SZ,利君股份,4.585
002652.SZ,扬子新材,3.8099999999999996
002653.SZ,海思科,20.189999999999998
002654.SZ,万润科技,4.175000000000001
002655.SZ,共达电声,8.815000000000001
002656.SZ,摩登大道,4.3149999999999995
002657.SZ,中科金财,15.52
002658.SZ,雪迪龙,7.155
002659.SZ,凯文教育,7.4
002660.SZ,茂硕电源,7.625
002661.SZ,克明面业,12.89
002662.SZ,京威股份,2.835
002663.SZ,普邦股份,2.8099999999999996
002664.SZ,长鹰信质,15.870000000000001
002665.SZ,首航节能,3.325
002666.SZ,德联集团,4.395
002667.SZ,鞍重股份,6.575
002668.SZ,奥马电器,5.470000000000001
002669.SZ,康达新材,13.585
002670.SZ,国盛金控,10.149999999999999
002671.SZ,龙泉股份,4.34
002672.SZ,东江环保,9.91
002673.SZ,西部证券,8.98
002674.SZ,兴业科技,11.19
002675.SZ,东诚药业,12.704999999999998
002676.SZ,顺威股份,3.18
002677.SZ,浙江美大,13.39
002678.SZ,珠江钢琴,6.87
002679.SZ,福建金森,14.76
002681.SZ,奋达科技,4.279999999999999
002682.SZ,龙洲股份,4.38
002683.SZ,宏大爆破,14.305
002684.SZ,*ST猛狮,2.85
002685.SZ,华东重机,4.995
002686.SZ,亿利达,6.475
002687.SZ,乔治白,5.755000000000001
002688.SZ,金河生物,5.01
002689.SZ,远大智能,4.135
002690.SZ,美亚光电,29.439999999999998
002691.SZ,冀凯股份,6.4
002692.SZ,ST远程,3.34
002693.SZ,双成药业,4.52
002694.SZ,顾地科技,3.39
002695.SZ,煌上煌,13.335
002696.SZ,百洋股份,5.77
002697.SZ,红旗连锁,6.845000000000001
002698.SZ,博实股份,9.125
002699.SZ,美盛文化,5.42
002700.SZ,新疆浩源,7.11
002701.SZ,奥瑞金,4.8100000000000005
002702.SZ,海欣食品,4.574999999999999
002703.SZ,浙江世宝,5.335
002705.SZ,新宝股份,11.57
002706.SZ,良信电器,7.12
002707.SZ,众信旅游,5.335
002708.SZ,光洋股份,7.800000000000001
002709.SZ,天赐材料,16.450000000000003
002711.SZ,*ST欧浦,1.01
002712.SZ,思美传媒,6.67
002713.SZ,东易日盛,8.309999999999999
002715.SZ,登云股份,15.5
002716.SZ,ST金贵,6.755
002717.SZ,岭南股份,4.875
002718.SZ,友邦吊顶,16.354999999999997
002719.SZ,麦趣尔,10.775
002721.SZ,金一文化,5.615
002722.SZ,金轮股份,14.29
002723.SZ,金莱特,8.9
002724.SZ,海洋王,6.109999999999999
002725.SZ,跃岭股份,12.0
002726.SZ,龙大肉食,9.455
002727.SZ,一心堂,25.700000000000003
002728.SZ,特一药业,15.25
002730.SZ,电光科技,7.425000000000001
002731.SZ,萃华珠宝,9.36
002732.SZ,燕塘乳业,22.585
002733.SZ,雄韬股份,20.91
002734.SZ,利民股份,15.725000000000001
002735.SZ,王子新材,16.005000000000003
002736.SZ,国信证券,13.02
002737.SZ,葵花药业,14.945
002738.SZ,中矿资源,16.53
002739.SZ,万达电影,15.875
002740.SZ,爱迪尔,6.215
002741.SZ,光华科技,11.02
002742.SZ,三圣股份,6.305
002743.SZ,富煌钢构,6.02
002745.SZ,木林森,10.085
002746.SZ,仙坛股份,16.97
002747.SZ,埃斯顿,0.0
002748.SZ,世龙实业,7.205
002749.SZ,国光股份,10.719999999999999
002750.SZ,龙津药业,14.79
002751.SZ,易尚展示,28.84
002752.SZ,昇兴股份,5.67
002753.SZ,永东股份,7.975
002755.SZ,奥赛康,12.905000000000001
002756.SZ,永兴材料,13.475
002757.SZ,南兴股份,19.415
002758.SZ,华通医药,8.99
002759.SZ,天际股份,10.0
002760.SZ,凤形股份,17.09
002761.SZ,多喜爱,8.545
002762.SZ,金发拉比,5.26
002763.SZ,汇洁股份,8.08
002765.SZ,蓝黛传动,5.625
002766.SZ,*ST索菱,2.325
002767.SZ,先锋电子,16.4
002768.SZ,国恩股份,23.355
002769.SZ,普路通,8.8
002770.SZ,科迪乳业,2.545
002771.SZ,真视通,10.335
002772.SZ,众兴菌业,7.550000000000001
002774.SZ,快意电梯,8.23
002775.SZ,文科园林,5.965
002776.SZ,柏堡龙,8.335
002778.SZ,高科石化,16.69
002779.SZ,中坚科技,14.835
002780.SZ,三夫户外,18.215
002781.SZ,奇信股份,19.015
002782.SZ,可立克,10.46
002783.SZ,凯龙股份,12.26
002785.SZ,万里石,10.96
002786.SZ,银宝山新,7.18
002787.SZ,华源控股,6.575
002788.SZ,鹭燕医药,8.625
002789.SZ,建艺集团,16.915
002790.SZ,瑞尔特,6.29
002791.SZ,坚朗五金,17.54
002792.SZ,通宇通讯,25.875
002793.SZ,东音股份,17.42
002795.SZ,永和智控,13.39
002797.SZ,第一创业,6.295
002798.SZ,帝欧家居,17.905
002799.SZ,环球印务,13.795
002800.SZ,天顺股份,22.240000000000002
002802.SZ,洪汇新材,20.049999999999997
002803.SZ,吉宏股份,18.6
002805.SZ,丰元股份,11.215
002806.SZ,华锋股份,14.93
002807.SZ,江阴银行,4.335
002808.SZ,恒久科技,9.705
002809.SZ,红墙股份,16.125
002810.SZ,山东赫达,13.225
002811.SZ,亚泰国际,14.23
002813.SZ,路畅科技,27.575000000000003
002815.SZ,崇达技术,19.55
002816.SZ,和科达,17.78
002817.SZ,黄山胶囊,18.705
002818.SZ,富森美,12.115
002819.SZ,东方中科,18.45
002820.SZ,桂发祥,12.145
002822.SZ,中装建设,8.555
002823.SZ,凯中精密,9.76
002824.SZ,和胜股份,10.555
002825.SZ,纳尔股份,15.899999999999999
002826.SZ,易明医药,11.075
002827.SZ,高争民爆,10.04
002828.SZ,贝肯能源,11.905000000000001
002829.SZ,星网宇达,21.23
002830.SZ,名雕股份,18.59
002831.SZ,裕同科技,19.755000000000003
002832.SZ,比音勒芬,24.009999999999998
002835.SZ,同为股份,11.1
002836.SZ,新宏泽,15.13
002837.SZ,英维克,20.22
002838.SZ,道恩股份,12.98
002839.SZ,张家港行,5.345000000000001
002840.SZ,华统股份,17.03
002842.SZ,翔鹭钨业,14.485
002843.SZ,泰嘉股份,8.05
002845.SZ,同兴达,18.064999999999998
002846.SZ,英联股份,12.375
002847.SZ,盐津铺子,28.810000000000002
002848.SZ,高斯贝尔,13.895
002849.SZ,威星智能,15.12
002850.SZ,科达利,27.74
002851.SZ,麦格米特,19.835
002852.SZ,道道全,13.305
002853.SZ,皮阿诺,18.025
002855.SZ,捷荣技术,12.08
002856.SZ,美芝股份,18.605
002857.SZ,三晖电气,13.665
002858.SZ,力盛赛车,20.475
002860.SZ,星帅尔,20.71
002861.SZ,瀛通通讯,21.68
002862.SZ,实丰文化,19.505000000000003
002863.SZ,今飞凯达,6.01
002864.SZ,盘龙药业,27.375
002865.SZ,钧达股份,16.509999999999998
002866.SZ,传艺科技,12.35
002867.SZ,周大生,22.77
002868.SZ,绿康生化,18.935000000000002
002870.SZ,香山股份,21.16
002871.SZ,伟隆股份,20.935
002872.SZ,*ST天圣,5.72
002873.SZ,新天药业,15.21
002875.SZ,安奈儿,17.105
002877.SZ,智能自控,8.364999999999998
002878.SZ,元隆雅图,23.85
002879.SZ,长缆科技,12.9
002882.SZ,金龙羽,11.05
002883.SZ,中设股份,19.265
002884.SZ,凌霄泵业,14.565
002885.SZ,京泉华,18.675
002886.SZ,沃特股份,21.5
002887.SZ,绿茵生态,15.280000000000001
002888.SZ,惠威科技,18.53
002889.SZ,东方嘉盛,24.57
002890.SZ,弘宇股份,19.27
002891.SZ,中宠股份,18.8
002893.SZ,华通热力,12.629999999999999
002895.SZ,川恒股份,11.99
002896.SZ,中大力德,23.34
002897.SZ,意华股份,24.255000000000003
002898.SZ,赛隆药业,13.555
002899.SZ,英派斯,13.434999999999999
002900.SZ,哈三联,11.61
002902.SZ,铭普光磁,27.415
002903.SZ,宇环数控,16.634999999999998
002905.SZ,金逸影视,14.795
002906.SZ,华阳集团,11.23
002907.SZ,华森制药,16.299999999999997
002908.SZ,德生科技,12.58
002909.SZ,集泰股份,10.545
002910.SZ,庄园牧场,12.065000000000001
002911.SZ,佛燃股份,14.205
002915.SZ,中欣氟材,29.465000000000003
002917.SZ,金奥博,14.47
002918.SZ,蒙娜丽莎,13.645
002919.SZ,名臣健康,16.545
002920.SZ,德赛西威,22.560000000000002
002921.SZ,联诚精密,18.53
002922.SZ,伊戈尔,15.58
002923.SZ,润都股份,18.990000000000002
002926.SZ,华西证券,9.89
002927.SZ,泰永长征,21.365000000000002
002928.SZ,华夏航空,10.170000000000002
002929.SZ,润建股份,26.6
002930.SZ,宏川智慧,14.0
002931.SZ,锋龙股份,26.125
002936.SZ,郑州银行,4.705
002937.SZ,兴瑞科技,15.844999999999999
002939.SZ,长城证券,15.535
002941.SZ,新疆交建,20.285
002942.SZ,新农股份,25.380000000000003
002943.SZ,宇晶股份,29.535
002945.SZ,华林证券,16.34
002946.SZ,新乳业,13.555
002948.SZ,青岛银行,5.67
002949.SZ,华阳国际,24.235
002950.SZ,奥美医疗,21.299999999999997
002951.SZ,金时科技,20.56
002958.SZ,青农商行,6.125
600000.SH,浦发银行,11.254999999999999
600004.SH,白云机场,18.865000000000002
600006.SH,东风汽车,4.785
600007.SH,中国国贸,16.240000000000002
600008.SH,首创股份,3.365
600010.SH,包钢股份,1.495
600011.SH,华能国际,6.295
600012.SH,皖通高速,5.515000000000001
600015.SH,华夏银行,7.25
600016.SH,民生银行,5.82
600017.SH,日照港,2.97
600018.SH,上港集团,5.805
600019.SH,宝钢股份,5.835
600020.SH,中原高速,4.3149999999999995
600021.SH,上海电力,7.9399999999999995
600022.SH,山东钢铁,1.495
600023.SH,浙能电力,4.01
600025.SH,华能水电,4.63
600026.SH,中远海能,7.154999999999999
600027.SH,华电国际,3.79
600028.SH,中国石化,4.985
600029.SH,南方航空,6.595000000000001
600030.SH,中信证券,22.285
600031.SH,三一重工,13.465
600033.SH,福建高速,3.08
600035.SH,楚天高速,3.3449999999999998
600037.SH,歌华有线,9.594999999999999
600039.SH,四川路桥,3.335
600048.SH,保利地产,13.58
600050.SH,中国联通,5.9
600051.SH,宁波联合,6.075
600052.SH,浙江广厦,4.055
600053.SH,九鼎投资,20.9
600054.SH,黄山旅游,9.195
600055.SH,万东医疗,10.665
600056.SH,中国医药,13.25
600057.SH,厦门象屿,4.25
600058.SH,五矿发展,8.265
600059.SH,古越龙山,8.45
600060.SH,海信电器,7.67
600061.SH,国投资本,13.105
600062.SH,华润双鹤,13.495000000000001
600063.SH,皖维高新,3.12
600064.SH,南京高科,9.2
600066.SH,宇通客车,14.64
600067.SH,冠城大通,4.17
600068.SH,葛洲坝,5.415
600069.SH,银鸽投资,2.7
600070.SH,浙江富润,7.875
600071.SH,凤凰光学,10.215
600072.SH,中船科技,17.939999999999998
600073.SH,上海梅林,9.075
600075.SH,新疆天业,4.775
600076.SH,康欣新材,4.245
600077.SH,宋都股份,2.465
600078.SH,澄星股份,5.3100000000000005
600079.SH,人福医药,11.184999999999999
600080.SH,金花股份,6.675
600081.SH,东风科技,12.4
600082.SH,海泰发展,4.09
600083.SH,博信股份,15.8
600084.SH,*ST中葡,2.25
600085.SH,同仁堂,28.04
600086.SH,东方金钰,3.4
600088.SH,中视传媒,14.219999999999999
600089.SH,特变电工,6.66
600090.SH,同济堂,4.154999999999999
600091.SH,ST明科,3.68
600093.SH,易见股份,10.71
600094.SH,大名城,7.07
600095.SH,哈高科,7.83
600096.SH,云天化,5.345000000000001
600097.SH,开创国际,9.7
600098.SH,广州发展,6.015
600099.SH,林海股份,6.825
600100.SH,同方股份,8.985
600101.SH,明星电力,6.359999999999999
600103.SH,青山纸业,2.125
600104.SH,上汽集团,24.9
600105.SH,永鼎股份,4.115
600106.SH,重庆路桥,2.98
600107.SH,美尔雅,6.805
600108.SH,亚盛集团,3.135
600109.SH,国金证券,8.825
600110.SH,诺德股份,4.365
600111.SH,北方稀土,11.504999999999999
600112.SH,ST天成,2.565
600113.SH,浙江东日,6.9350000000000005
600114.SH,东睦股份,5.88
600115.SH,东方航空,5.09
600116.SH,三峡水利,7.135
600117.SH,西宁特钢,3.485
600118.SH,中国卫星,22.92
600119.SH,*ST长投,4.885
600120.SH,浙江东方,12.405000000000001
600121.SH,郑州煤电,2.435
600122.SH,宏图高科,2.8499999999999996
600123.SH,兰花科创,6.51
600125.SH,铁龙物流,5.99
600126.SH,杭钢股份,4.039999999999999
600127.SH,金健米业,5.06
600128.SH,弘业股份,7.385
600129.SH,太极集团,10.295
600130.SH,波导股份,3.645
600131.SH,岷江水电,16.54
600133.SH,东湖高新,5.34
600135.SH,乐凯胶片,7.1899999999999995
600136.SH,当代明诚,10.3
600137.SH,浪莎股份,15.59
600138.SH,中青旅,12.465
600139.SH,西部资源,3.6550000000000002
600141.SH,兴发集团,10.875
600143.SH,金发科技,5.41
600145.SH,*ST新亿,0.0
600146.SH,商赢环球,17.67
600148.SH,长春一东,15.21
600149.SH,ST坊展,5.545
600150.SH,中国船舶,23.645
600151.SH,航天机电,4.82
600152.SH,维科技术,6.65
600153.SH,建发股份,8.510000000000002
600155.SH,华创阳安,12.34
600156.SH,华升股份,4.5
600157.SH,永泰能源,1.585
600158.SH,中体产业,10.125
600159.SH,大龙地产,2.54
600160.SH,巨化股份,7.245
600161.SH,天坛生物,27.595
600162.SH,香江控股,2.385
600163.SH,中闽能源,3.6799999999999997
600165.SH,新日恒力,4.29
600166.SH,福田汽车,2.13
600167.SH,联美控股,11.71
600168.SH,武汉控股,6.615
600169.SH,太原重工,2.4
600170.SH,上海建工,3.615
600171.SH,上海贝岭,15.25
600172.SH,黄河旋风,3.205
600173.SH,卧龙地产,4.375
600175.SH,美都能源,2.09
600176.SH,中国巨石,8.215
600177.SH,雅戈尔,6.1850000000000005
600178.SH,东安动力,5.05
600179.SH,ST安通,3.19
600180.SH,瑞茂通,8.14
600182.SH,S佳通,16.119999999999997
600183.SH,生益科技,25.16
600184.SH,光电股份,12.595
600185.SH,格力地产,4.865
600186.SH,*ST莲花,1.66
600187.SH,国中水务,2.7350000000000003
600188.SH,兖州煤业,9.585
600189.SH,吉林森工,3.935
600190.SH,锦州港,3.0949999999999998
600191.SH,华资实业,5.6850000000000005
600192.SH,长城电工,5.34
600193.SH,ST创兴,3.715
600195.SH,中牧股份,16.505000000000003
600196.SH,复星医药,27.735
600197.SH,伊力特,15.44
600198.SH,大唐电信,10.41
600199.SH,金种子酒,6.470000000000001
600200.SH,江苏吴中,5.235
600201.SH,生物股份,16.450000000000003
600202.SH,哈空调,4.765
600203.SH,福日电子,5.96
600206.SH,有研新材,10.375
600207.SH,安彩高科,4.865
600208.SH,新湖中宝,2.865
600209.SH,ST罗顿,2.975
600210.SH,紫江企业,3.505
600212.SH,江泉实业,3.83
600213.SH,亚星客车,9.165
600215.SH,长春经开,6.890000000000001
600216.SH,浙江医药,13.475
600217.SH,中再资环,5.445
600218.SH,全柴动力,11.86
600219.SH,南山铝业,2.15
600220.SH,江苏阳光,2.27
600221.SH,海航控股,1.885
600222.SH,太龙药业,4.75
600223.SH,鲁商发展,3.415
600225.SH,天津松江,3.1950000000000003
600226.SH,瀚叶股份,2.9450000000000003
600227.SH,圣济堂,2.615
600228.SH,ST昌九,6.67
600229.SH,城市传媒,7.09
600230.SH,沧州大化,12.18
600231.SH,凌钢股份,2.83
600232.SH,金鹰股份,5.895
600233.SH,圆通速递,11.225
600234.SH,*ST山水,8.245000000000001
600235.SH,民丰特纸,4.705
600236.SH,桂冠电力,4.86
600237.SH,铜峰电子,3.88
600238.SH,ST椰岛,8.594999999999999
600239.SH,云南城投,3.0300000000000002
600240.SH,*ST华业,0.935
600241.SH,时代万恒,5.359999999999999
600242.SH,中昌数据,9.18
600243.SH,青海华鼎,4.125
600246.SH,万通地产,3.8
600247.SH,ST成城,3.9050000000000002
600248.SH,延长化建,4.154999999999999
600249.SH,两面针,4.12
600250.SH,南纺股份,6.4350000000000005
600251.SH,冠农股份,5.53
600252.SH,中恒集团,2.95
600255.SH,梦舟股份,1.725
600256.SH,广汇能源,3.325
600257.SH,大湖股份,4.3149999999999995
600258.SH,首旅酒店,17.425
600260.SH,凯乐科技,12.055
600261.SH,阳光照明,4.1850000000000005
600262.SH,北方股份,20.265
600265.SH,ST景谷,26.82
600266.SH,北京城建,7.140000000000001
600267.SH,海正药业,10.59
600268.SH,国电南自,5.1
600269.SH,赣粤高速,4.175000000000001
600271.SH,航天信息,21.275
600272.SH,开开实业,7.78
600273.SH,嘉化能源,10.555
600275.SH,ST昌鱼,2.34
600277.SH,亿利洁能,4.4350000000000005
600278.SH,东方创业,11.35
600279.SH,重庆港九,4.18
600280.SH,中央商场,3.3499999999999996
600281.SH,太化股份,4.525
600282.SH,南钢股份,3.28
600283.SH,钱江水利,9.934999999999999
600284.SH,浦东建设,6.455
600285.SH,羚锐制药,8.21
600287.SH,江苏舜天,6.0649999999999995
600288.SH,大恒科技,10.61
600289.SH,*ST信通,2.46
600290.SH,华仪电气,4.105
600291.SH,西水股份,9.02
600292.SH,远达环保,5.654999999999999
600293.SH,三峡新材,4.07
600295.SH,鄂尔多斯,7.87
600297.SH,广汇汽车,3.97
600298.SH,安琪酵母,28.445
600299.SH,安迪苏,10.34
600300.SH,维维股份,3.2649999999999997
600301.SH,ST南化,6.585
600302.SH,标准股份,4.57
600303.SH,曙光股份,3.835
600305.SH,恒顺醋业,15.3
600306.SH,商业城,5.85
600307.SH,酒钢宏兴,1.89
600308.SH,华泰股份,4.105
600310.SH,桂东电力,4.355
600311.SH,荣华实业,4.515000000000001
600312.SH,平高电气,7.0649999999999995
600313.SH,农发种业,3.3600000000000003
600316.SH,洪都航空,16.509999999999998
600317.SH,营口港,2.6
600318.SH,新力金融,7.3100000000000005
600319.SH,亚星化学,4.925000000000001
600320.SH,振华重工,3.395
600321.SH,ST正源,1.82
600322.SH,天房发展,3.255
600323.SH,瀚蓝环境,17.715
600325.SH,华发股份,7.095000000000001
600326.SH,西藏天路,6.705
600327.SH,大东方,3.51
600328.SH,兰太实业,7.9399999999999995
600329.SH,中新药业,14.405
600330.SH,天通股份,7.0649999999999995
600331.SH,宏达股份,2.77
600333.SH,长春燃气,5.24
600335.SH,国机汽车,6.585
600336.SH,澳柯玛,4.18
600337.SH,美克家居,3.75
600338.SH,西藏珠峰,11.895
600339.SH,中油工程,3.7
600340.SH,华夏幸福,26.65
600343.SH,航天动力,10.185
600345.SH,长江通信,22.97
600346.SH,恒力石化,13.760000000000002
600348.SH,阳泉煤业,5.285
600350.SH,山东高速,4.34
600351.SH,亚宝药业,5.96
600352.SH,浙江龙盛,14.165
600353.SH,旭光股份,5.175
600354.SH,敦煌种业,6.28
600355.SH,精伦电子,3.485
600356.SH,恒丰纸业,7.625
600358.SH,国旅联合,3.9899999999999998
600359.SH,新农开发,6.335
600360.SH,华微电子,5.8
600361.SH,华联综超,3.8600000000000003
600362.SH,江西铜业,14.280000000000001
600363.SH,联创光电,12.165
600365.SH,通葡股份,5.025
600366.SH,宁波韵升,7.305
600367.SH,红星发展,7.574999999999999
600368.SH,五洲交通,4.77
600369.SH,西南证券,4.5649999999999995
600370.SH,三房巷,2.9800000000000004
600371.SH,万向德农,14.14
600372.SH,中航电子,14.84
600373.SH,中文传媒,12.614999999999998
600375.SH,华菱星马,5.32
600376.SH,首开股份,7.5
600377.SH,宁沪高速,10.11
600378.SH,昊华科技,12.7
600379.SH,宝光股份,5.515000000000001
600380.SH,健康元,9.315000000000001
600381.SH,青海春天,5.55
600382.SH,广东明珠,6.984999999999999
600383.SH,金地集团,11.345
600385.SH,*ST金泰,7.154999999999999
600386.SH,北巴传媒,3.88
600387.SH,海越能源,6.8149999999999995
600388.SH,龙净环保,10.655
600389.SH,江山股份,20.6
600390.SH,五矿资本,8.895
600391.SH,航发科技,17.965
600392.SH,盛和资源,9.575
600393.SH,粤泰股份,2.54
600395.SH,盘江股份,5.17
600396.SH,*ST金山,1.7149999999999999
600397.SH,安源煤业,2.355
600398.SH,海澜之家,8.42
600399.SH,ST抚钢,2.8899999999999997
600400.SH,红豆股份,3.365
600403.SH,大有能源,3.49
600405.SH,动力源,4.6899999999999995
600406.SH,国电南瑞,17.3
600408.SH,ST安泰,2.3049999999999997
600409.SH,三友化工,5.265000000000001
600410.SH,华胜天成,11.155
600415.SH,小商品城,3.81
600416.SH,湘电股份,6.615
600418.SH,江淮汽车,4.92
600419.SH,天润乳业,13.995000000000001
600420.SH,现代制药,8.815000000000001
600421.SH,*ST仰帆,8.23
600422.SH,昆药集团,11.375
600423.SH,*ST柳化,2.9800000000000004
600425.SH,青松建化,3.6950000000000003
600426.SH,华鲁恒升,16.86
600428.SH,中远海特,3.755
600429.SH,三元股份,5.515000000000001
600433.SH,冠豪高新,3.45
600435.SH,北方导航,9.135
600438.SH,通威股份,14.870000000000001
600439.SH,瑞贝卡,3.34
600444.SH,国机通用,11.045000000000002
600446.SH,金证股份,20.515
600448.SH,华纺股份,6.41
600449.SH,宁夏建材,8.765
600452.SH,涪陵电力,16.915
600455.SH,博通股份,27.655
600456.SH,宝钛股份,24.060000000000002
600458.SH,时代新材,8.75
600459.SH,贵研铂业,16.189999999999998
600460.SH,士兰微,14.975
600461.SH,洪城水业,5.83
600462.SH,*ST九有,1.38
600463.SH,空港股份,7.42
600466.SH,蓝光发展,5.795
600467.SH,好当家,2.37
600468.SH,百利电气,3.475
600469.SH,风神股份,5.21
600470.SH,六国化工,4.885
600475.SH,华光股份,10.350000000000001
600476.SH,湘邮科技,17.42
600477.SH,杭萧钢构,2.8899999999999997
600478.SH,科力远,4.41
600479.SH,千金药业,9.370000000000001
600480.SH,凌云股份,7.7
600481.SH,双良节能,3.355
600482.SH,中国动力,24.740000000000002
600483.SH,福能股份,8.55
600485.SH,*ST信威,2.37
600487.SH,亨通光电,14.43
600488.SH,天药股份,4.215
600489.SH,中金黄金,9.885
600490.SH,鹏欣资源,5.005
600491.SH,龙元建设,6.995
600493.SH,凤竹纺织,5.765000000000001
600495.SH,晋西车轴,4.22
600496.SH,精工钢构,2.6950000000000003
600497.SH,驰宏锌锗,4.505
600498.SH,烽火通信,27.205
600499.SH,科达洁能,4.13
600500.SH,中化国际,5.12
600501.SH,航天晨光,9.16
600502.SH,安徽建工,4.3100000000000005
600503.SH,华丽家族,3.31
600505.SH,西昌电力,7.119999999999999
600506.SH,香梨股份,11.355
600507.SH,方大特钢,8.34
600508.SH,上海能源,8.965
600509.SH,天富能源,4.21
600510.SH,黑牡丹,5.93
600511.SH,国药股份,29.494999999999997
600512.SH,腾达建设,2.76
600513.SH,联环药业,7.095
600515.SH,海航基础,4.3149999999999995
600516.SH,方大炭素,10.325
600517.SH,置信电气,6.745
600518.SH,ST康美,3.555
600520.SH,文一科技,11.675
600521.SH,华海药业,15.34
600522.SH,中天科技,8.26
600523.SH,贵航股份,16.560000000000002
600525.SH,长园集团,6.02
600526.SH,*ST菲达,4.885
600527.SH,江南高纤,2.0949999999999998
600528.SH,中铁工业,10.265
600529.SH,山东药玻,22.47
600530.SH,交大昂立,5.13
600531.SH,豫光金铅,5.355
600532.SH,宏达矿业,4.13
600533.SH,栖霞建设,3.335
600535.SH,天士力,17.335
600537.SH,亿晶光电,3.375
600538.SH,国发股份,5.07
600539.SH,ST狮头,6.109999999999999
600540.SH,新赛股份,4.145
600543.SH,莫高股份,6.465
600545.SH,卓郎智能,6.285
600546.SH,山煤国际,6.99
600548.SH,深高速,9.620000000000001
600549.SH,厦门钨业,12.93
600550.SH,保变电气,3.465
600551.SH,时代出版,8.075
600552.SH,凯盛科技,5.085
600555.SH,海航创新,2.54
600556.SH,ST慧球,7.984999999999999
600557.SH,康缘药业,17.195
600558.SH,大西洋,3.3200000000000003
600559.SH,老白干酒,12.455
600560.SH,金自天正,8.765
600561.SH,江西长运,6.0600000000000005
600562.SH,国睿科技,15.780000000000001
600565.SH,迪马股份,3.615
600566.SH,济川药业,29.435000000000002
600567.SH,山鹰纸业,3.065
600568.SH,中珠医疗,1.8399999999999999
600569.SH,安阳钢铁,2.43
600571.SH,信雅达,9.004999999999999
600572.SH,康恩贝,6.285
600573.SH,惠泉啤酒,6.890000000000001
600575.SH,淮河能源,2.67
600576.SH,祥源文化,4.14
600577.SH,精达股份,2.78
600578.SH,京能电力,3.085
600579.SH,克劳斯,10.905000000000001
600580.SH,卧龙电驱,8.879999999999999
600581.SH,八一钢铁,3.29
600582.SH,天地科技,3.245
600583.SH,海油工程,5.3149999999999995
600584.SH,长电科技,14.97
600586.SH,金晶科技,2.81
600587.SH,新华医疗,16.655
600589.SH,广东榕泰,5.305
600590.SH,泰豪科技,6.43
600592.SH,龙溪股份,16.895
600594.SH,益佰制药,5.025
600595.SH,*ST中孚,1.5
600596.SH,新安股份,10.395
600597.SH,光明乳业,11.035
600598.SH,北大荒,10.045000000000002
600599.SH,熊猫金控,12.995000000000001
600601.SH,方正科技,3.355
600602.SH,云赛智联,7.949999999999999
600603.SH,广汇物流,5.045
600604.SH,市北高新,9.04
600605.SH,汇通能源,11.030000000000001
600606.SH,绿地控股,6.66
600608.SH,ST沪科,4.295
600609.SH,金杯汽车,4.0
600611.SH,大众交通,4.109999999999999
600613.SH,神奇制药,7.355
600614.SH,*ST鹏起,1.065
600615.SH,丰华股份,6.84
600616.SH,金枫酒业,5.455
600617.SH,国新能源,4.994999999999999
600618.SH,氯碱化工,7.585
600619.SH,海立股份,9.184999999999999
600620.SH,天宸股份,7.09
600621.SH,华鑫股份,12.21
600622.SH,光大嘉宝,4.125
600623.SH,华谊集团,7.4
600624.SH,复旦复华,8.915
600626.SH,申达股份,7.025
600628.SH,新世界,7.36
600629.SH,华建集团,9.01
600630.SH,龙头股份,7.03
600633.SH,浙数文化,8.625
600634.SH,*ST富控,1.8
600635.SH,大众公用,5.04
600636.SH,三爱富,9.565
600637.SH,东方明珠,9.44
600638.SH,新黄浦,7.279999999999999
600639.SH,浦东金桥,13.73
600640.SH,号百控股,12.035
600641.SH,万业企业,10.775
600642.SH,申能股份,5.75
600643.SH,爱建集团,8.705
600644.SH,乐山电力,5.9350000000000005
600645.SH,中源协和,19.035
600647.SH,同达创业,19.369999999999997
600648.SH,外高桥,17.85
600649.SH,城投控股,5.71
600650.SH,锦江投资,10.425
600651.SH,飞乐音响,4.05
600652.SH,*ST游久,2.0599999999999996
600653.SH,申华控股,2.185
600654.SH,*ST中安,1.48
600655.SH,豫园股份,8.59
600657.SH,信达地产,3.85
600658.SH,电子城,4.34
600660.SH,福耀玻璃,22.03
600661.SH,昂立教育,19.195
600662.SH,强生控股,4.8100000000000005
600663.SH,陆家嘴,13.91
600664.SH,哈药股份,4.025
600665.SH,天地源,3.54
600666.SH,*ST瑞德,2.04
600667.SH,太极实业,7.145
600668.SH,尖峰集团,12.25
600671.SH,天目药业,14.129999999999999
600673.SH,东阳光,7.67
600674.SH,川投能源,9.925
600675.SH,中华企业,4.665
600676.SH,交运股份,4.465
600677.SH,航天通信,13.275
600678.SH,四川金顶,4.825
600679.SH,上海凤凰,12.46
600681.SH,百川能源,7.0649999999999995
600682.SH,南京新百,11.61
600683.SH,京投发展,4.1
600684.SH,珠江实业,3.705
600685.SH,中船防务,17.314999999999998
600686.SH,金龙汽车,7.515
600687.SH,*ST刚泰,2.06
600688.SH,上海石化,4.225
600689.SH,上海三毛,10.094999999999999
600690.SH,海尔智家,15.73
600691.SH,阳煤化工,2.4299999999999997
600692.SH,亚通股份,6.795
600693.SH,东百集团,5.109999999999999
600694.SH,大商股份,26.545
600695.SH,绿庭投资,5.34
600696.SH,ST岩石,10.235
600697.SH,欧亚集团,17.33
600698.SH,*ST天雁,2.8449999999999998
600699.SH,均胜电子,15.280000000000001
600701.SH,*ST工新,2.2649999999999997
600702.SH,舍得酒业,27.195
600703.SH,三安光电,10.870000000000001
600704.SH,物产中大,5.295
600705.SH,中航资本,4.665
600706.SH,曲江文旅,8.98
600707.SH,彩虹股份,4.585
600708.SH,光明地产,3.73
600710.SH,苏美达,5.695
600711.SH,盛屯矿业,5.425
600712.SH,南宁百货,4.4
600713.SH,南京医药,4.3149999999999995
600714.SH,金瑞矿业,5.824999999999999
600715.SH,文投控股,3.4
600716.SH,凤凰股份,3.8449999999999998
600717.SH,天津港,6.13
600718.SH,东软集团,11.335
600719.SH,大连热电,5.04
600720.SH,祁连山,8.879999999999999
600721.SH,*ST百花,5.98
600722.SH,金牛化工,5.425
600723.SH,首商股份,6.234999999999999
600724.SH,宁波富达,3.415
600725.SH,ST云维,2.9850000000000003
600726.SH,*ST华源,1.73
600727.SH,鲁北化工,6.835
600728.SH,佳都科技,9.32
600729.SH,重庆百货,27.84
600730.SH,中国高科,5.21
600731.SH,湖南海利,6.3100000000000005
600732.SH,ST新梅,7.975
600733.SH,北汽蓝谷,6.859999999999999
600734.SH,实达集团,9.205
600735.SH,新华锦,5.345000000000001
600736.SH,苏州高新,6.26
600737.SH,中粮糖业,9.14
600738.SH,兰州民百,6.17
600739.SH,辽宁成大,13.895
600740.SH,山西焦化,7.83
600741.SH,华域汽车,24.675
600742.SH,一汽富维,12.25
600743.SH,华远地产,2.375
600744.SH,华银电力,2.7300000000000004
600746.SH,江苏索普,6.140000000000001
600747.SH,退大控,0.925
600748.SH,上实发展,6.835
600749.SH,西藏旅游,10.35
600750.SH,江中药业,12.77
600751.SH,海航科技,2.975
600753.SH,东方银星,16.8
600754.SH,锦江酒店,24.009999999999998
600755.SH,厦门国贸,7.545
600756.SH,浪潮软件,21.78
600757.SH,长江传媒,6.355
600758.SH,红阳能源,4.845
600759.SH,洲际油气,3.1100000000000003
600761.SH,安徽合力,9.055
600765.SH,中航重机,9.9
600766.SH,园城黄金,9.08
600767.SH,ST运盛,5.8
600768.SH,宁波富邦,11.065000000000001
600769.SH,祥龙电业,6.21
600770.SH,综艺股份,5.485
600771.SH,广誉远,16.975
600773.SH,西藏城投,5.880000000000001
600774.SH,汉商集团,11.605
600775.SH,南京熊猫,11.225000000000001
600776.SH,东方通信,19.880000000000003
600777.SH,新潮能源,2.05
600778.SH,友好集团,4.925
600780.SH,通宝能源,3.415
600781.SH,ST辅仁,8.125
600782.SH,新钢股份,4.41
600783.SH,鲁信创投,13.55
600784.SH,鲁银投资,5.115
600785.SH,新华百货,15.125
600787.SH,中储股份,5.33
600789.SH,鲁抗医药,6.619999999999999
600790.SH,轻纺城,3.61
600791.SH,京能置业,3.85
600792.SH,云煤能源,3.4050000000000002
600793.SH,宜宾纸业,17.64
600794.SH,保税科技,4.345
600795.SH,国电电力,2.465
600796.SH,钱江生化,5.34
600797.SH,浙大网新,8.49
600798.SH,宁波海运,3.695
600800.SH,天津磁卡,5.390000000000001
600801.SH,华新水泥,18.71
600802.SH,福建水泥,7.305
600803.SH,新奥股份,9.36
600804.SH,鹏博士,6.63
600805.SH,悦达投资,5.35
600807.SH,ST天业,4.475
600808.SH,马钢股份,2.6950000000000003
600810.SH,神马股份,7.77
600811.SH,东方集团,3.4
600812.SH,华北制药,8.465
600814.SH,杭州解百,5.035
600815.SH,*ST厦工,2.9749999999999996
600816.SH,安信信托,4.645
600817.SH,ST宏盛,7.32
600818.SH,中路股份,10.34
600819.SH,耀皮玻璃,4.48
600820.SH,隧道股份,5.95
600821.SH,津劝业,0.0
600822.SH,上海物贸,10.91
600823.SH,世茂股份,4.04
600824.SH,益民集团,3.54
600825.SH,新华传媒,4.71
600826.SH,兰生股份,11.05
600827.SH,百联股份,8.935
600828.SH,茂业商业,4.795
600829.SH,人民同泰,7.335
600830.SH,香溢融通,5.6899999999999995
600831.SH,广电网络,8.844999999999999
600833.SH,第一医药,9.745000000000001
600834.SH,申通地铁,7.055
600835.SH,上海机电,17.875
600836.SH,界龙实业,3.9850000000000003
600837.SH,海通证券,13.66
600838.SH,上海九百,6.5
600839.SH,四川长虹,2.705
600841.SH,上柴股份,7.470000000000001
600843.SH,上工申贝,7.34
600844.SH,丹化科技,4.0
600846.SH,同济科技,7.995
600847.SH,万里股份,11.665
600848.SH,上海临港,27.69
600850.SH,华东电脑,21.18
600851.SH,海欣股份,6.54
600853.SH,龙建股份,3.245
600854.SH,春兰股份,3.71
600855.SH,航天长峰,14.695
600856.SH,ST中天,2.43
600857.SH,宁波中百,9.36
600858.SH,银座股份,4.9350000000000005
600859.SH,王府井,14.61
600860.SH,京城股份,5.74
600861.SH,北京城乡,9.285
600862.SH,中航高科,11.105
600863.SH,内蒙华电,3.13
600864.SH,哈投股份,6.51
600865.SH,百大集团,5.8100000000000005
600866.SH,星湖科技,4.88
600867.SH,通化东宝,17.375
600868.SH,梅雁吉祥,3.505
600869.SH,智慧能源,4.63
600870.SH,ST厦华,3.175
600871.SH,石化油服,2.3049999999999997
600873.SH,梅花生物,4.46
600874.SH,创业环保,7.27
600875.SH,东方电气,9.405000000000001
600876.SH,洛阳玻璃,10.184999999999999
600877.SH,*ST电能,6.494999999999999
600879.SH,航天电子,6.484999999999999
600880.SH,博瑞传播,3.67
600881.SH,亚泰集团,3.045
600882.SH,妙可蓝多,14.530000000000001
600883.SH,博闻科技,6.6850000000000005
600884.SH,杉杉股份,10.21
600885.SH,宏发股份,24.64
600886.SH,国投电力,9.719999999999999
600887.SH,伊利股份,28.875
600888.SH,新疆众和,4.734999999999999
600889.SH,南京化纤,4.66
600890.SH,中房股份,4.71
600891.SH,*ST秋林,1.475
600892.SH,大晟文化,5.24
600893.SH,航发动力,23.415
600894.SH,广日股份,8.32
600895.SH,张江高科,16.009999999999998
600896.SH,览海投资,4.05
600897.SH,厦门空港,22.375
600898.SH,国美通讯,7.595000000000001
600900.SH,长江电力,18.700000000000003
600901.SH,江苏租赁,5.855
600903.SH,贵州燃气,11.705
600908.SH,无锡银行,5.24
600909.SH,华安证券,6.43
600917.SH,重庆燃气,6.505
600919.SH,江苏银行,6.675
600926.SH,杭州银行,8.02
600928.SH,西安银行,6.61
600929.SH,湖南盐业,7.1899999999999995
600933.SH,爱柯迪,10.41
600936.SH,广西广电,4.14
600939.SH,重庆建工,4.62
600958.SH,东方证券,10.024999999999999
600959.SH,江苏有线,4.3
600960.SH,渤海汽车,3.525
600961.SH,株冶集团,8.29
600962.SH,国投中鲁,8.36
600963.SH,岳阳林纸,4.255
600965.SH,福成股份,9.27
600966.SH,博汇纸业,3.9699999999999998
600967.SH,内蒙一机,11.46
600969.SH,郴电国际,6.585
600970.SH,中材国际,5.93
600971.SH,恒源煤电,5.82
600973.SH,宝胜股份,3.705
600975.SH,新五丰,11.29
600976.SH,健民集团,17.975
600977.SH,中国电影,14.285
600978.SH,宜华生活,3.34
600979.SH,广安爱众,4.055
600980.SH,北矿科技,16.595
600981.SH,汇鸿集团,3.715
600982.SH,宁波热电,3.1
600983.SH,惠而浦,5.195
600984.SH,建设机械,7.885
600985.SH,淮北矿业,9.95
600986.SH,科达股份,3.935
600987.SH,航民股份,6.0600000000000005
600988.SH,赤峰黄金,5.945
600992.SH,贵绳股份,7.29
600993.SH,马应龙,16.985
600995.SH,文山电力,7.35
600996.SH,贵广网络,9.675
600997.SH,开滦股份,5.645
600998.SH,九州通,13.375
600999.SH,招商证券,16.04
601000.SH,唐山港,2.5199999999999996
601001.SH,大同煤业,4.275
601002.SH,晋亿实业,6.21
601003.SH,柳钢股份,5.055
601005.SH,重庆钢铁,1.86
601006.SH,大秦铁路,7.74
601007.SH,金陵饭店,10.469999999999999
601008.SH,连云港,4.279999999999999
601009.SH,南京银行,7.824999999999999
601010.SH,文峰股份,3.14
601011.SH,宝泰隆,5.24
601012.SH,隆基股份,27.65
601015.SH,陕西黑猫,3.375
601016.SH,节能风电,2.435
601018.SH,宁波港,3.895
601019.SH,山东出版,7.145
601020.SH,华钰矿业,9.555
601028.SH,玉龙股份,4.5649999999999995
601038.SH,一拖股份,6.945
601058.SH,赛轮轮胎,3.925
601066.SH,中信建投,19.16
601068.SH,中铝国际,5.9350000000000005
601069.SH,西部黄金,18.115000000000002
601086.SH,国芳集团,5.23
601088.SH,中国神华,18.62
601098.SH,中南传媒,12.315
601099.SH,太平洋,3.45
601101.SH,昊华能源,5.52
601106.SH,中国一重,3.0549999999999997
601107.SH,四川成渝,3.645
601108.SH,财通证券,9.7
601111.SH,中国国航,7.93
601113.SH,ST华鼎,6.119999999999999
601116.SH,三江购物,13.93
601117.SH,中国化学,5.525
601118.SH,海南橡胶,4.58
601126.SH,四方股份,5.720000000000001
601127.SH,小康股份,13.325
601128.SH,常熟银行,7.415
601137.SH,博威合金,10.15
601138.SH,工业富联,14.29
601139.SH,深圳燃气,6.055
601155.SH,新城控股,25.015
601158.SH,重庆水务,5.575
601162.SH,天风证券,8.685
601163.SH,三角轮胎,12.625
601166.SH,兴业银行,17.175
601168.SH,西部矿业,5.675
601169.SH,北京银行,5.24
601177.SH,杭齿前进,11.655000000000001
601179.SH,中国西电,3.535
601186.SH,中国铁建,9.1
601188.SH,龙江交通,3.105
601198.SH,东兴证券,10.705
601199.SH,江南水务,3.8049999999999997
601200.SH,上海环境,11.44
601208.SH,东材科技,4.705
601211.SH,国泰君安,17.1
601212.SH,白银有色,4.4
601216.SH,君正集团,2.97
601218.SH,吉鑫科技,2.83
601222.SH,林洋能源,4.46
601225.SH,陕西煤业,8.855
601226.SH,华电重工,4.1899999999999995
601228.SH,广州港,3.835
601229.SH,上海银行,8.969999999999999
601231.SH,环旭电子,13.085
601233.SH,桐昆股份,12.09
601238.SH,广汽集团,11.795
601258.SH,*ST庞大,1.29
601288.SH,农业银行,3.395
601298.SH,青岛港,7.545
601311.SH,骆驼股份,9.629999999999999
601319.SH,中国人保,8.41
601326.SH,秦港股份,3.1799999999999997
601328.SH,交通银行,5.415
601330.SH,绿色动力,12.41
601333.SH,广深铁路,3.1
601339.SH,百隆东方,3.9050000000000002
601360.SH,三六零,22.295
601366.SH,利群股份,5.595
601368.SH,绿城水务,5.895
601369.SH,陕鼓动力,6.335
601375.SH,中原证券,4.915
601377.SH,兴业证券,6.07
601388.SH,怡球资源,1.93
601390.SH,中国中铁,6.029999999999999
601398.SH,工商银行,5.404999999999999
601500.SH,通用股份,6.404999999999999
601515.SH,东风股份,7.325
601518.SH,吉林高速,2.67
601519.SH,大智慧,6.53
601555.SH,东吴证券,9.030000000000001
601558.SH,ST锐电,1.18
601566.SH,九牧王,11.370000000000001
601567.SH,三星医疗,6.390000000000001
601577.SH,长沙银行,8.510000000000002
601579.SH,会稽山,8.25
601588.SH,北辰实业,3.42
601595.SH,上海电影,18.95
601598.SH,中国外运,4.545
601599.SH,鹿港文化,2.88
601600.SH,中国铝业,3.615
601606.SH,长城军工,14.905000000000001
601607.SH,上海医药,18.945
601608.SH,中信重工,4.025
601611.SH,中国核建,7.105
601615.SH,明阳智能,11.33
601616.SH,广电电气,3.18
601618.SH,中国中冶,2.77
601619.SH,嘉泽新能,4.04
601628.SH,中国人寿,28.745
601633.SH,长城汽车,8.23
601636.SH,旗滨集团,3.41
601666.SH,平煤股份,3.88
601668.SH,中国建筑,5.484999999999999
601669.SH,中国电建,4.699999999999999
601677.SH,明泰铝业,10.955
601678.SH,滨化股份,5.615
601688.SH,华泰证券,18.98
601689.SH,拓普集团,11.135
601699.SH,潞安环能,7.390000000000001
601700.SH,风范股份,5.74
601717.SH,郑煤机,5.78
601718.SH,际华集团,4.08
601727.SH,上海电气,5.125
601766.SH,中国中车,7.3149999999999995
601777.SH,力帆股份,4.4
601788.SH,光大证券,10.765
601789.SH,宁波建工,3.755
601798.SH,ST蓝科,6.505
601800.SH,中国交建,9.98
601801.SH,皖新传媒,5.74
601808.SH,中海油服,12.175
601811.SH,新华文轩,12.079999999999998
601818.SH,光大银行,3.755
601828.SH,美凯龙,10.795
601838.SH,成都银行,8.184999999999999
601857.SH,中国石油,6.105
601858.SH,中国科传,11.61
601860.SH,紫金银行,6.225
601865.SH,福莱特,10.68
601866.SH,中远海发,2.645
601872.SH,招商轮船,4.705
601877.SH,正泰电器,22.015
601878.SH,浙商证券,8.08
601880.SH,大连港,1.9849999999999999
601881.SH,中国银河,10.54
601882.SH,海天精工,7.925
601886.SH,江河集团,7.33
601890.SH,亚星锚链,6.484999999999999
601898.SH,中煤能源,4.835
601899.SH,紫金矿业,3.68
601900.SH,南方传媒,8.865
601901.SH,方正证券,6.645
601908.SH,京运通,3.18
601918.SH,新集能源,2.975
601919.SH,中远海控,4.6
601928.SH,凤凰传媒,8.57
601929.SH,吉视传媒,2.245
601933.SH,永辉超市,9.965
601939.SH,建设银行,6.92
601949.SH,中国出版,6.43
601952.SH,苏垦农发,6.855
601958.SH,金钼股份,6.67
601965.SH,中国汽研,7.255000000000001
601966.SH,玲珑轮胎,20.51
601968.SH,宝钢包装,4.3100000000000005
601969.SH,海南矿业,5.470000000000001
601975.SH,招商南油,3.035
601985.SH,中国核电,5.43
601988.SH,中国银行,3.53
601989.SH,中国重工,6.02
601990.SH,南京证券,7.525
601991.SH,大唐发电,2.725
601992.SH,金隅集团,3.365
601996.SH,丰林集团,2.895
601997.SH,贵阳银行,8.23
601998.SH,中信银行,5.59
601999.SH,出版传媒,5.785
603000.SH,人民网,19.865000000000002
603001.SH,奥康国际,9.635
603002.SH,宏昌电子,3.9000000000000004
603003.SH,龙宇燃油,8.780000000000001
603005.SH,晶方科技,18.5
603006.SH,联明股份,11.190000000000001
603007.SH,花王股份,7.279999999999999
603008.SH,喜临门,11.149999999999999
603009.SH,北特科技,6.055
603010.SH,万盛股份,11.754999999999999
603011.SH,合锻智能,4.785
603012.SH,创力集团,11.18
603013.SH,亚普股份,13.815
603015.SH,弘讯科技,6.425
603016.SH,新宏泰,14.795
603017.SH,中衡设计,11.06
603018.SH,中设集团,11.84
603020.SH,爱普股份,7.595000000000001
603021.SH,山东华鹏,7.24
603022.SH,新通联,8.045
603023.SH,威帝股份,4.375
603025.SH,大豪科技,8.64
603026.SH,石大胜华,28.685000000000002
603027.SH,千禾味业,22.575000000000003
603028.SH,赛福天,9.98
603029.SH,天鹅股份,14.04
603030.SH,全筑股份,5.58
603031.SH,安德利,16.085
603032.SH,德新交运,24.11
603033.SH,三维股份,17.5
603035.SH,常熟汽饰,9.29
603036.SH,如通股份,11.89
603037.SH,凯众股份,17.04
603038.SH,华立股份,13.53
603040.SH,新坐标,29.235
603041.SH,美思德,15.46
603042.SH,华脉科技,14.35
603045.SH,福达合金,16.479999999999997
603050.SH,科林电气,11.045
603055.SH,台华新材,6.775
603056.SH,德邦股份,13.0
603058.SH,永吉股份,7.1899999999999995
603059.SH,倍加洁,23.735
603060.SH,国检集团,20.09
603063.SH,禾望电气,8.735
603066.SH,音飞储存,7.16
603067.SH,振华股份,5.96
603069.SH,海汽集团,6.23
603076.SH,乐惠国际,23.22
603077.SH,和邦生物,1.6150000000000002
603078.SH,江化微,25.525
603080.SH,新疆火炬,16.415
603081.SH,大丰实业,11.145
603083.SH,剑桥科技,24.01
603085.SH,天成自控,9.175
603086.SH,先达股份,28.075
603088.SH,宁波精达,8.835
603089.SH,正裕工业,13.085
603090.SH,宏盛股份,15.835
603098.SH,森特股份,12.155
603099.SH,长白山,9.235
603100.SH,川仪股份,8.385
603101.SH,汇嘉时代,5.93
603103.SH,横店影视,14.370000000000001
603105.SH,芯能科技,7.46
603106.SH,恒银金融,10.02
603108.SH,润达医疗,10.260000000000002
603110.SH,东方材料,14.695
603111.SH,康尼机电,5.165
603113.SH,金能科技,10.625
603116.SH,红蜻蜓,7.16
603117.SH,万林物流,3.825
603118.SH,共进股份,11.035
603121.SH,华培动力,17.415
603123.SH,翠微股份,5.645
603126.SH,中材节能,5.16
603128.SH,华贸物流,7.220000000000001
603129.SH,春风动力,24.07
603131.SH,上海沪工,14.765
603133.SH,碳元科技,19.085
603136.SH,天目湖,21.14
603138.SH,海量数据,16.19
603139.SH,康惠制药,16.895000000000003
603156.SH,养元饮品,28.95
603157.SH,拉夏贝尔,5.265000000000001
603158.SH,腾龙股份,14.059999999999999
603159.SH,上海亚虹,11.695
603161.SH,科华控股,13.41
603165.SH,荣晟环保,17.75
603166.SH,福达股份,5.845
603167.SH,渤海轮渡,9.120000000000001
603168.SH,莎普爱思,8.17
603169.SH,兰石重装,6.859999999999999
603177.SH,德创环保,10.940000000000001
603178.SH,圣龙股份,10.335
603179.SH,新泉股份,12.524999999999999
603181.SH,皇马科技,15.24
603183.SH,建研院,10.815000000000001
603185.SH,上机数控,25.814999999999998
603188.SH,ST亚邦,6.51
603189.SH,网达软件,17.825
603192.SH,汇得科技,26.155
603196.SH,日播时尚,7.905
603197.SH,保隆科技,19.310000000000002
603198.SH,迎驾贡酒,18.6
603199.SH,九华旅游,24.755000000000003
603200.SH,上海洗霸,25.595
603203.SH,快克股份,22.18
603218.SH,日月股份,20.365000000000002
603220.SH,中贝通信,28.18
603223.SH,恒通股份,6.415
603225.SH,新凤鸣,11.45
603226.SH,菲林格尔,26.245
603227.SH,雪峰科技,3.8899999999999997
603229.SH,奥翔药业,12.875
603232.SH,格尔软件,27.03
603238.SH,诺邦股份,17.295
603239.SH,浙江仙通,9.195
603258.SH,电魂网络,23.28
603266.SH,天龙股份,11.56
603268.SH,松发股份,15.355
603269.SH,海鸥股份,14.004999999999999
603277.SH,银都股份,8.935
603278.SH,大业股份,10.27
603283.SH,赛腾股份,22.005000000000003
603286.SH,日盈电子,14.965
603289.SH,泰瑞机器,12.08
603298.SH,杭叉集团,12.085
603299.SH,苏盐井神,7.880000000000001
603300.SH,华铁应急,7.96
603301.SH,振德医疗,19.965
603303.SH,得邦照明,8.795
603305.SH,旭升股份,23.6
603306.SH,华懋科技,13.195
603308.SH,应流股份,9.495000000000001
603309.SH,维力医疗,17.465
603311.SH,金海环境,9.745000000000001
603313.SH,梦百合,16.02
603315.SH,福鞍股份,12.4
603316.SH,诚邦股份,10.56
603318.SH,派思股份,24.064999999999998
603319.SH,湘油泵,15.985
603320.SH,迪贝电气,18.205
603321.SH,梅轮电梯,7.57
603322.SH,超讯通信,17.905
603323.SH,苏农银行,5.115
603326.SH,我乐家居,11.84
603328.SH,依顿电子,11.285
603329.SH,上海雅仕,16.665
603330.SH,上海天洋,13.42
603331.SH,百达精工,15.575
603332.SH,苏州龙杰,25.6
603333.SH,尚纬股份,8.79
603335.SH,迪生力,5.455
603336.SH,宏辉果蔬,17.09
603337.SH,杰克股份,19.525
603339.SH,四方科技,14.899999999999999
603348.SH,文灿股份,16.92
603355.SH,莱克电气,20.674999999999997
603356.SH,华菱精工,12.22
603357.SH,设计总院,11.345
603358.SH,华达科技,12.715
603359.SH,东珠生态,15.975000000000001
603363.SH,傲农生物,22.494999999999997
603365.SH,水星家纺,17.240000000000002
603366.SH,日出东方,4.165
603367.SH,辰欣药业,15.41
603369.SH,今世缘,29.36
603377.SH,东方时尚,16.785
603378.SH,亚士创能,12.23
603380.SH,易德龙,15.239999999999998
603385.SH,惠达卫浴,9.115
603386.SH,广东骏亚,15.865
603387.SH,基蛋生物,23.855
603388.SH,元成股份,7.145
603389.SH,亚振家居,6.8
603393.SH,新天然气,22.195
603396.SH,金辰股份,18.925
603398.SH,邦宝益智,9.175
603399.SH,吉翔股份,10.835
603416.SH,信捷电气,26.634999999999998
603421.SH,鼎信通讯,17.04
603456.SH,九洲药业,11.25
603458.SH,勘设股份,18.555
603466.SH,风语筑,16.685000000000002
603477.SH,振静股份,7.475
603486.SH,科沃斯,26.47
603488.SH,展鹏科技,8.16
603496.SH,恒为科技,19.805
603499.SH,翔港科技,16.244999999999997
603500.SH,祥和实业,12.32
603505.SH,金石资源,19.75
603506.SH,南都物业,17.375
603507.SH,振江股份,16.095
603515.SH,欧普照明,28.515
603518.SH,锦泓集团,7.619999999999999
603519.SH,立霸股份,15.23
603520.SH,司太立,25.225
603527.SH,众源新材,10.28
603528.SH,多伦科技,7.12
603533.SH,掌阅科技,14.665
603535.SH,嘉诚国际,18.060000000000002
603536.SH,惠发食品,10.620000000000001
603538.SH,美诺华,20.72
603555.SH,贵人鸟,4.38
603556.SH,海兴电力,15.65
603557.SH,起步股份,8.3
603558.SH,健盛集团,8.355
603559.SH,中通国脉,19.055
603566.SH,普莱柯,17.615000000000002
603567.SH,珍宝岛,11.86
603568.SH,伟明环保,20.42
603569.SH,长久物流,10.530000000000001
603577.SH,汇金通,10.76
603578.SH,三星新材,18.465
603579.SH,荣泰健康,25.865
603580.SH,艾艾精工,12.29
603585.SH,苏利股份,22.245
603586.SH,金麒麟,16.865000000000002
603587.SH,地素时尚,21.935000000000002
603588.SH,高能环境,9.735
603595.SH,东尼电子,24.92
603596.SH,伯特利,14.335
603598.SH,引力传媒,7.575
603599.SH,广信股份,14.405
603600.SH,永艺股份,9.48
603601.SH,再升科技,7.055
603602.SH,纵横通信,20.39
603603.SH,博天环境,11.73
603606.SH,东方电缆,10.850000000000001
603607.SH,京华激光,18.244999999999997
603608.SH,天创时尚,6.335
603609.SH,禾丰牧业,13.815000000000001
603611.SH,诺力股份,15.23
603612.SH,索通发展,10.725
603615.SH,茶花股份,9.21
603616.SH,韩建河山,8.74
603617.SH,君禾股份,14.945
603618.SH,杭电股份,5.79
603619.SH,中曼石油,15.43
603626.SH,科森科技,7.4350000000000005
603628.SH,清源股份,7.72
603630.SH,拉芳家化,13.370000000000001
603633.SH,徕木股份,9.345
603636.SH,南威软件,10.42
603637.SH,镇海股份,17.39
603638.SH,艾迪精密,24.675
603639.SH,海利尔,24.53
603648.SH,畅联股份,11.48
603650.SH,彤程新材,19.4
603655.SH,朗博科技,16.97
603656.SH,泰禾光电,15.04
603657.SH,春光科技,24.55
603660.SH,苏州科达,12.0
603663.SH,三祥新材,14.18
603665.SH,康隆达,20.990000000000002
603667.SH,五洲新春,7.845000000000001
603668.SH,天马科技,8.305
603669.SH,灵康药业,7.27
603676.SH,卫信康,11.565000000000001
603677.SH,奇精机械,11.85
603678.SH,火炬电子,23.475
603680.SH,今创集团,10.705
603681.SH,永冠新材,25.375
603683.SH,晶华新材,12.995000000000001
603685.SH,晨丰科技,11.965
603686.SH,龙马环卫,16.51
603688.SH,石英股份,13.755
603689.SH,皖天然气,10.465
603690.SH,至纯科技,22.73
603693.SH,江苏新能,10.715
603696.SH,安记食品,9.305
603698.SH,航天工程,12.364999999999998
603699.SH,纽威股份,11.395
603700.SH,宁波水表,22.765
603701.SH,德宏股份,15.56
603703.SH,盛洋科技,14.83
603706.SH,东方环宇,17.884999999999998
603708.SH,家家悦,25.115000000000002
603709.SH,中源家居,25.765
603712.SH,七一二,25.18
603716.SH,塞力斯,16.65
603717.SH,天域生态,8.605
603718.SH,海利生物,13.055
603721.SH,中广天择,20.045
603722.SH,阿科力,24.105
603725.SH,天安新材,7.195
603726.SH,朗迪集团,10.605
603727.SH,博迈科,16.87
603728.SH,鸣志电器,12.184999999999999
603729.SH,龙韵股份,14.73
603730.SH,岱美股份,24.064999999999998
603733.SH,仙鹤股份,14.67
603738.SH,泰晶科技,20.810000000000002
603739.SH,蔚蓝生物,29.985
603757.SH,大元泵业,14.43
603758.SH,秦安股份,6.375
603766.SH,隆鑫通用,3.625
603767.SH,中马传动,7.375
603768.SH,常青股份,11.434999999999999
603776.SH,永安行,17.58
603777.SH,来伊份,12.594999999999999
603778.SH,乾景园林,4.715
603779.SH,威龙股份,14.17
603787.SH,新日股份,21.6
603788.SH,宁波高发,13.5
603789.SH,星光农机,13.175
603790.SH,雅运股份,15.65
603797.SH,联泰环保,11.364999999999998
603798.SH,康普顿,10.26
603799.SH,华友钴业,24.795
603800.SH,道森股份,11.785
603801.SH,志邦家居,19.759999999999998
603803.SH,瑞斯康达,13.69
603808.SH,歌力思,14.325
603809.SH,豪能股份,9.445
603811.SH,诚意药业,23.915
603813.SH,原尚股份,17.35
603817.SH,海峡环保,6.92
603818.SH,曲美家居,7.07
603819.SH,神力股份,13.8
603822.SH,嘉澳环保,23.615000000000002
603823.SH,百合花,20.235
603825.SH,华扬联众,12.405000000000001
603826.SH,坤彩科技,14.440000000000001
603828.SH,柯利达,6.470000000000001
603829.SH,洛凯股份,10.094999999999999
603838.SH,四通股份,8.715
603839.SH,安正时尚,12.985
603843.SH,正平股份,5.255000000000001
603848.SH,好太太,15.14
603855.SH,华荣股份,8.785
603856.SH,东宏股份,10.094999999999999
603858.SH,步长制药,19.0
603859.SH,能科股份,23.520000000000003
603860.SH,中公高科,28.265
603861.SH,白云电器,8.945
603869.SH,新智认知,11.094999999999999
603876.SH,鼎胜新材,14.08
603877.SH,太平鸟,13.870000000000001
603878.SH,武进不锈,9.345
603879.SH,永悦科技,7.38
603880.SH,南卫股份,9.469999999999999
603885.SH,吉祥航空,12.27
603886.SH,元祖股份,21.685000000000002
603887.SH,城地股份,19.005000000000003
603888.SH,新华网,21.305
603889.SH,新澳股份,6.115
603890.SH,春秋电子,9.67
603895.SH,天永智能,21.0
603897.SH,长城科技,18.445
603898.SH,好莱客,15.02
603900.SH,莱绅通灵,10.955
603901.SH,永创智能,7.525
603903.SH,中持股份,13.19
603906.SH,龙蟠科技,10.155000000000001
603908.SH,牧高笛,26.145
603909.SH,合诚股份,19.115000000000002
603912.SH,佳力图,13.425
603916.SH,苏博特,11.625
603917.SH,合力科技,10.309999999999999
603918.SH,金桥信息,11.129999999999999
603919.SH,金徽酒,15.02
603920.SH,世运电路,16.545
603922.SH,金鸿顺,15.77
603926.SH,铁流股份,11.305
603928.SH,兴业股份,12.215
603929.SH,亚翔集成,14.445
603933.SH,睿能科技,13.255
603936.SH,博敏电子,19.8
603937.SH,丽岛新材,10.98
603938.SH,三孚股份,16.915
603955.SH,大千生态,14.96
603956.SH,威派格,17.355
603958.SH,哈森股份,7.51
603959.SH,百利科技,11.145
603960.SH,克来机电,26.935000000000002
603963.SH,大理药业,12.524999999999999
603966.SH,法兰泰克,10.01
603967.SH,中创物流,17.3
603968.SH,醋化股份,16.42
603969.SH,银龙股份,4.12
603970.SH,中农立华,13.030000000000001
603976.SH,正川股份,17.67
603977.SH,国泰集团,8.545
603979.SH,金诚信,8.555
603980.SH,吉华集团,8.51
603985.SH,恒润股份,15.635
603987.SH,康德莱,7.76
603988.SH,中电电机,9.68
603989.SH,艾华集团,18.72
603990.SH,麦迪科技,27.689999999999998
603991.SH,至正股份,19.3
603993.SH,洛阳钼业,3.585
603996.SH,ST中新,4.595
603997.SH,继峰股份,8.100000000000001
603998.SH,方盛制药,7.775
603999.SH,读者传媒,5.734999999999999
